question_id,knowledge_node_id,question_type,difficulty_level,stem,correct_answer,score_points,evidence_ids,provenance
9ad3d8eb-9df9-52f2-b51a-ce6cc22ea1c3,RAG-M01-N01,single_choice,1,关于“RAG的定义、目标与边界”，以下哪项表述最准确？,B,10,"[""30aa7214-53ca-50c1-ba4d-3a8dc49a2e34""]",
b50ae04c-402c-5c8f-b4d1-0c208af1fffd,RAG-M01-N01,true_false,1,RAG会把上传文档训练进模型参数。,F,10,"[""30aa7214-53ca-50c1-ba4d-3a8dc49a2e34"", ""c170ae95-9b55-5e85-9857-46a84b4e7711""]",
529607c2-6969-5725-aef9-853c0e1f57af,RAG-M01-N01,short_answer,2,请用不超过200字说明RAG的定义、目标与边界的核心目标、一个适用边界和一个质量验证方法。,"{""required_points"": [""RAG是在生成前检索外部知识，并让生成模型在证据约束下完成回答或资源生成的系统方法。它的价值是知识可更新、证据可追踪和任务上下文可控，而不是保证模型永不出错。"", ""不把RAG等同于模型微调"", ""解释RAG中参数化记忆与外部非参数化记忆的分工""]}",20,"[""30aa7214-53ca-50c1-ba4d-3a8dc49a2e34"", ""c170ae95-9b55-5e85-9857-46a84b4e7711"", ""6651205b-2e94-5f91-a6db-34d0af08c3e0""]",
3564cdfe-1447-5c14-88b9-c37dccd817b8,RAG-M01-N01,short_answer,2,在企业RAG项目中需要应用“RAG的定义、目标与边界”。请给出实施步骤、失败风险和验收证据。,"{""required_points"": [""解释RAG中参数化记忆与外部非参数化记忆的分工"", ""识别RAG适合解决的问题与不能自动解决的问题"", ""说明检索证据、生成答案和来源引用之间的关系"", ""不把RAG等同于模型微调""]}",30,"[""30aa7214-53ca-50c1-ba4d-3a8dc49a2e34"", ""c170ae95-9b55-5e85-9857-46a84b4e7711"", ""6651205b-2e94-5f91-a6db-34d0af08c3e0"", ""f27b31af-a9cf-5abc-bd1b-a61c4a459ff3""]",
2e0fd2d1-c74b-58d6-b20d-2657aaa16182,RAG-M01-N02,single_choice,1,关于“RAG端到端流水线与责任分层”，以下哪项表述最准确？,B,10,"[""e03a7e60-d324-5f5e-834f-7381739e0810""]",
177eb494-17cc-534b-83e7-c97892c37937,RAG-M01-N02,true_false,1,RAG流水线就是“embedding后top-k再问模型”。,F,10,"[""e03a7e60-d324-5f5e-834f-7381739e0810"", ""01c56b02-c15f-576b-9b9d-68c47d67916b""]",
fa229a6b-5a33-554e-8e34-2312f6a4bacb,RAG-M01-N02,short_answer,2,请用不超过200字说明RAG端到端流水线与责任分层的核心目标、一个适用边界和一个质量验证方法。,"{""required_points"": [""生产级RAG不是一次模型调用，而是离线知识工程与在线查询链路共同组成的系统。每个阶段都必须有版本、日志和可独立评测的契约。"", ""在线流程不得使用未发布知识版本"", ""画出数据接入、索引、检索、上下文构建、生成、审核和反馈链路""]}",20,"[""e03a7e60-d324-5f5e-834f-7381739e0810"", ""01c56b02-c15f-576b-9b9d-68c47d67916b"", ""4f80f1b6-c99f-5f35-8eac-065eadf712ad""]",
8e8274be-683b-5942-a054-1c73ba67d52b,RAG-M01-N02,short_answer,2,在企业RAG项目中需要应用“RAG端到端流水线与责任分层”。请给出实施步骤、失败风险和验收证据。,"{""required_points"": [""画出数据接入、索引、检索、上下文构建、生成、审核和反馈链路"", ""区分离线知识构建与在线查询"", ""为每个阶段指定输入输出和质量指标"", ""在线流程不得使用未发布知识版本""]}",30,"[""e03a7e60-d324-5f5e-834f-7381739e0810"", ""01c56b02-c15f-576b-9b9d-68c47d67916b"", ""4f80f1b6-c99f-5f35-8eac-065eadf712ad"", ""0cbdabc0-1c7f-5315-b264-d7240cc87b5d""]",
900afc0e-62a5-51b2-bc05-e2648563c19f,RAG-M01-N03,single_choice,2,关于“RAG、微调、长上下文与工具调用的选择”，以下哪项表述最准确？,B,10,"[""f2b2fa8a-fee3-586e-bbc3-98b5ecb5f1af""]",
3955e800-f2a0-5a0c-8be8-c084c2e0b0a6,RAG-M01-N03,true_false,2,微调以后就不需要知识库。,F,10,"[""f2b2fa8a-fee3-586e-bbc3-98b5ecb5f1af"", ""3bbdce74-b29f-52ac-8394-06056f2e85f0""]",
be009074-de3f-5998-baf3-c6e3a66b74b1,RAG-M01-N03,short_answer,3,请用不超过200字说明RAG、微调、长上下文与工具调用的选择的核心目标、一个适用边界和一个质量验证方法。,"{""required_points"": [""RAG适合外部知识注入和来源追溯，微调更适合稳定行为模式，长上下文适合一次性材料，工具调用适合执行可验证操作。架构选择应由问题特征而不是技术热度决定。"", ""方案选择必须记录业务前提"", ""根据知识变化、行为风格和工具执行需求选择方案""]}",20,"[""f2b2fa8a-fee3-586e-bbc3-98b5ecb5f1af"", ""3bbdce74-b29f-52ac-8394-06056f2e85f0"", ""bdafa642-49da-5f6f-897b-a1302eae874a""]",
53bc4786-a4d2-5118-ba12-9a7fb0a8cf95,RAG-M01-N03,short_answer,3,在企业RAG项目中需要应用“RAG、微调、长上下文与工具调用的选择”。请给出实施步骤、失败风险和验收证据。,"{""required_points"": [""根据知识变化、行为风格和工具执行需求选择方案"", ""理解多种方法可以组合而非互斥"", ""避免用微调承担高频事实更新"", ""方案选择必须记录业务前提""]}",30,"[""f2b2fa8a-fee3-586e-bbc3-98b5ecb5f1af"", ""3bbdce74-b29f-52ac-8394-06056f2e85f0"", ""bdafa642-49da-5f6f-897b-a1302eae874a"", ""135c2547-e958-5725-b386-ba992f9a2714""]",
f821294f-fc56-522d-9666-2ea8f956833d,RAG-M01-N04,single_choice,2,关于“需求分析、成功指标与RAG架构决策”，以下哪项表述最准确？,B,10,"[""3ed623c7-fb38-5e39-bc64-befbff600e5a""]",
245e49c7-0cbd-59ce-9273-bf5349d0c66f,RAG-M01-N04,true_false,2,先把系统做出来，再找一些问题测试。,F,10,"[""3ed623c7-fb38-5e39-bc64-befbff600e5a"", ""f48d4afb-0300-5ea2-a1e3-aad1427e3a34""]",
e6f4201d-134a-534f-9453-8c4e383bec5c,RAG-M01-N04,short_answer,3,请用不超过200字说明需求分析、成功指标与RAG架构决策的核心目标、一个适用边界和一个质量验证方法。,"{""required_points"": [""RAG项目应从用户任务、答案证据和失败代价出发。没有固定评测集和门禁，系统无法证明改动有效，也无法决定何时使用普通混合检索、层级检索、图检索或结构化查询。"", ""每项指标必须给出计算口径"", ""把模糊需求转化为可评测问题集""]}",20,"[""3ed623c7-fb38-5e39-bc64-befbff600e5a"", ""f48d4afb-0300-5ea2-a1e3-aad1427e3a34"", ""0a53a5bd-4026-5071-82ac-2b8e27cba817""]",
d4e21d64-2bea-51ce-91b2-5137ee748b6b,RAG-M01-N04,short_answer,3,在企业RAG项目中需要应用“需求分析、成功指标与RAG架构决策”。请给出实施步骤、失败风险和验收证据。,"{""required_points"": [""把模糊需求转化为可评测问题集"", ""定义准确性、时延、成本、安全和可维护性指标"", ""根据知识形态选择检索与索引策略"", ""每项指标必须给出计算口径""]}",30,"[""3ed623c7-fb38-5e39-bc64-befbff600e5a"", ""f48d4afb-0300-5ea2-a1e3-aad1427e3a34"", ""0a53a5bd-4026-5071-82ac-2b8e27cba817"", ""3d5cd78b-15d8-54f0-b2b4-db02eb10b962""]",
e5c86546-2d95-5a91-bb45-303a60db8e5b,RAG-M02-N01,single_choice,1,关于“知识源治理、可信等级与准入”，以下哪项表述最准确？,B,10,"[""3e812057-6f3c-58b4-879c-b84b70205ca3""]",
ce1b6ab6-5708-5aaa-be9a-d54b584c3a1b,RAG-M02-N01,true_false,1,公开网页都可以直接作为权威知识。,F,10,"[""3e812057-6f3c-58b4-879c-b84b70205ca3"", ""7e8f9330-fd2c-5cf2-aee7-1101bd092085""]",
bd5878c8-8b59-5a29-af36-81bcdb03a4b4,RAG-M02-N01,short_answer,2,请用不超过200字说明知识源治理、可信等级与准入的核心目标、一个适用边界和一个质量验证方法。,"{""required_points"": [""知识库质量首先取决于来源，而不是向量模型。每份资料都应有来源、所有者、适用范围、版本、授权状态和失效条件，模型生成的内容不能自动升级为权威事实。"", ""未授权敏感资料不得入库"", ""建立来源登记、授权和可信等级制度""]}",20,"[""3e812057-6f3c-58b4-879c-b84b70205ca3"", ""7e8f9330-fd2c-5cf2-aee7-1101bd092085"", ""33ddfbdd-4719-5f27-bf5d-b22f52551dcf""]",
80073267-c059-5190-8b71-df7eaa603dfd,RAG-M02-N01,short_answer,2,在企业RAG项目中需要应用“知识源治理、可信等级与准入”。请给出实施步骤、失败风险和验收证据。,"{""required_points"": [""建立来源登记、授权和可信等级制度"", ""区分原始来源、派生内容和模型生成内容"", ""定义冲突、过期和撤回处理流程"", ""未授权敏感资料不得入库""]}",30,"[""3e812057-6f3c-58b4-879c-b84b70205ca3"", ""7e8f9330-fd2c-5cf2-aee7-1101bd092085"", ""33ddfbdd-4719-5f27-bf5d-b22f52551dcf"", ""19a5d2af-6eb3-5673-b2cb-087fac1fa0be""]",
b9d71edc-d04f-580f-abb3-330c23752cc2,RAG-M02-N02,single_choice,2,关于“文档解析、清洗与结构保真”，以下哪项表述最准确？,B,10,"[""507145bd-82bf-57de-ba2c-02e7c516d149""]",
ac02b1b1-f6df-539c-bd21-b365ab51ee06,RAG-M02-N02,true_false,2,所有PDF都可以直接提取文本。,F,10,"[""507145bd-82bf-57de-ba2c-02e7c516d149"", ""459f4320-ffba-555d-9b05-e679be68ff95""]",
4b60625b-8cba-5203-8b03-fc3924d50eed,RAG-M02-N02,short_answer,3,请用不超过200字说明文档解析、清洗与结构保真的核心目标、一个适用边界和一个质量验证方法。,"{""required_points"": [""解析阶段必须尽可能保留标题层级、列表、表格、代码块和页码等结构。错误解析会污染后续所有切片和检索，不能靠更强模型自动弥补。"", ""保留原始文件和解析版本"", ""区分文本提取、OCR和版面结构解析""]}",20,"[""507145bd-82bf-57de-ba2c-02e7c516d149"", ""459f4320-ffba-555d-9b05-e679be68ff95"", ""44da0ddb-5f54-55a7-a6d2-dd3665dbd829""]",
472a1bc9-eded-5312-83c7-b91803981b02,RAG-M02-N02,short_answer,3,在企业RAG项目中需要应用“文档解析、清洗与结构保真”。请给出实施步骤、失败风险和验收证据。,"{""required_points"": [""区分文本提取、OCR和版面结构解析"", ""处理页眉页脚、断行、表格、代码和扫描件"", ""建立解析质量门禁"", ""保留原始文件和解析版本""]}",30,"[""507145bd-82bf-57de-ba2c-02e7c516d149"", ""459f4320-ffba-555d-9b05-e679be68ff95"", ""44da0ddb-5f54-55a7-a6d2-dd3665dbd829"", ""d3ec5725-8e5f-57b6-aec7-c0f45172e0bb""]",
7d875457-ec0b-535d-aaaa-8729de995df7,RAG-M02-N03,single_choice,2,关于“切片策略、语义边界与父子结构”，以下哪项表述最准确？,B,10,"[""afb69292-46aa-55c7-b4b5-5b895d9d4513""]",
22055101-d133-5b4f-9757-8ebd6a30eba9,RAG-M02-N03,true_false,2,chunk size越大，模型得到的信息越多，所以越好。,F,10,"[""afb69292-46aa-55c7-b4b5-5b895d9d4513"", ""42e17c0b-2db3-52ac-b398-eca5dc702b4f""]",
4d4ad22d-37b5-5d0e-b357-99e930ed554a,RAG-M02-N03,short_answer,3,请用不超过200字说明切片策略、语义边界与父子结构的核心目标、一个适用边界和一个质量验证方法。,"{""required_points"": [""切片不是简单按固定字符截断，而是把资料转化为可独立检索、又保留必要上下文的证据单元。最佳策略需要用真实问题集评测，不能只凭经验设置长度。"", ""切片必须保留来源位置"", ""根据内容类型选择固定、递归、语义、层级或代码切片""]}",20,"[""afb69292-46aa-55c7-b4b5-5b895d9d4513"", ""42e17c0b-2db3-52ac-b398-eca5dc702b4f"", ""f4b2772e-9f5f-5419-9b2b-cd8a22ef39de""]",
5d72df24-5bf6-53c4-9016-dd3525fc2318,RAG-M02-N03,short_answer,3,在企业RAG项目中需要应用“切片策略、语义边界与父子结构”。请给出实施步骤、失败风险和验收证据。,"{""required_points"": [""根据内容类型选择固定、递归、语义、层级或代码切片"", ""理解chunk size与overlap的召回和噪声权衡"", ""设计父子节点与前后关系"", ""切片必须保留来源位置""]}",30,"[""afb69292-46aa-55c7-b4b5-5b895d9d4513"", ""42e17c0b-2db3-52ac-b398-eca5dc702b4f"", ""f4b2772e-9f5f-5419-9b2b-cd8a22ef39de"", ""8ccfef39-f6ff-5035-a27f-e0413f934758""]",
2dce8c93-a0a5-5123-9a14-1fba8a6a8291,RAG-M02-N04,single_choice,3,关于“元数据、版本、血缘与知识发布”，以下哪项表述最准确？,B,10,"[""110a39ee-0b6b-56b0-9c4f-626fbb785b1a""]",
15a95d30-8ec7-508e-8ba6-bf0a4c154149,RAG-M02-N04,true_false,3,metadata只是方便展示，可以后补。,F,10,"[""110a39ee-0b6b-56b0-9c4f-626fbb785b1a"", ""de2d06e7-6962-5ce2-b3f9-b8d983be22b8""]",
5b121759-64ae-58ad-b351-cddeeef6be36,RAG-M02-N04,short_answer,4,请用不超过200字说明元数据、版本、血缘与知识发布的核心目标、一个适用边界和一个质量验证方法。,"{""required_points"": [""元数据是知识库治理与检索控制面。一个可发布的知识版本应固定文档、切片、索引、嵌入模型、图结构、评测结果和审批记录，不能在运行中悄然变化。"", ""发布版本不可原地修改"", ""设计检索、权限、引用和回滚所需元数据""]}",20,"[""110a39ee-0b6b-56b0-9c4f-626fbb785b1a"", ""de2d06e7-6962-5ce2-b3f9-b8d983be22b8"", ""8682abe8-16eb-58ff-8869-c1fa1c56290c""]",
434aaf76-a914-5d0b-b423-a0e77630fb67,RAG-M02-N04,short_answer,4,在企业RAG项目中需要应用“元数据、版本、血缘与知识发布”。请给出实施步骤、失败风险和验收证据。,"{""required_points"": [""设计检索、权限、引用和回滚所需元数据"", ""实现不可变知识版本和激活指针"", ""追踪原始资料到最终证据的血缘"", ""发布版本不可原地修改""]}",30,"[""110a39ee-0b6b-56b0-9c4f-626fbb785b1a"", ""de2d06e7-6962-5ce2-b3f9-b8d983be22b8"", ""8682abe8-16eb-58ff-8869-c1fa1c56290c"", ""4cb0290e-cbda-526c-b420-5e1044866f55""]",
1f84c524-c4bb-5ec5-adef-da6c3895f1cb,RAG-M03-N01,single_choice,2,关于“文本嵌入、向量表示与相似度”，以下哪项表述最准确？,B,10,"[""d2603583-8af0-5455-9b44-3d5e989c94c1""]",
cfdbb776-c268-57d5-851f-ecc3e4962409,RAG-M03-N01,true_false,2,语义相关就一定事实相关。,F,10,"[""d2603583-8af0-5455-9b44-3d5e989c94c1"", ""32df7ce1-8afb-5cfb-9b25-91de8fed3532""]",
90d329c1-2d5b-50e7-a5c6-ec2faff4c8fa,RAG-M03-N01,short_answer,3,请用不超过200字说明文本嵌入、向量表示与相似度的核心目标、一个适用边界和一个质量验证方法。,"{""required_points"": [""文本嵌入把查询和知识片段映射到向量空间，使语义相近内容可以通过距离或相似度检索。模型语言、领域、维度和归一化方式必须与索引及评测保持一致。"", ""嵌入模型和预处理必须记录版本"", ""解释嵌入向量用于表示语义相似性的基本机制""]}",20,"[""d2603583-8af0-5455-9b44-3d5e989c94c1"", ""32df7ce1-8afb-5cfb-9b25-91de8fed3532"", ""9b9b3e6f-796b-5b9e-b2ac-7dd455c1f2f0""]",
ca677501-0fe7-5a92-9a39-5daea21edc60,RAG-M03-N01,short_answer,3,在企业RAG项目中需要应用“文本嵌入、向量表示与相似度”。请给出实施步骤、失败风险和验收证据。,"{""required_points"": [""解释嵌入向量用于表示语义相似性的基本机制"", ""区分余弦相似度、内积和欧氏距离"", ""设计嵌入模型选型与离线评测"", ""嵌入模型和预处理必须记录版本""]}",30,"[""d2603583-8af0-5455-9b44-3d5e989c94c1"", ""32df7ce1-8afb-5cfb-9b25-91de8fed3532"", ""9b9b3e6f-796b-5b9e-b2ac-7dd455c1f2f0"", ""2e9c8abd-4f76-5113-9886-e0d3edd77542""]",
1f3b5424-e624-5cb5-a15b-ec28bd24817c,RAG-M03-N02,single_choice,3,关于“向量存储、精确搜索、HNSW与IVFFlat”，以下哪项表述最准确？,B,10,"[""0db4adce-4113-5ed8-844f-89563f132422""]",
9024e22a-d0d0-5d31-8f42-fa2a624e90fa,RAG-M03-N02,true_false,3,上了HNSW以后结果和精确搜索完全相同。,F,10,"[""0db4adce-4113-5ed8-844f-89563f132422"", ""5e8ced64-0f8f-5a42-906f-fa6ec450dc0f""]",
27aa7850-9970-59f0-81ec-24a30e6f0f6c,RAG-M03-N02,short_answer,4,请用不超过200字说明向量存储、精确搜索、HNSW与IVFFlat的核心目标、一个适用边界和一个质量验证方法。,"{""required_points"": [""向量存储负责保存嵌入和执行最近邻搜索。精确搜索提供基准召回；HNSW通常有较好的速度-召回权衡但构建和内存成本较高；IVFFlat构建更轻但需要训练和调参。"", ""上线前必须有精确检索基线"", ""在PostgreSQL/pgvector中存储和查询向量""]}",20,"[""0db4adce-4113-5ed8-844f-89563f132422"", ""5e8ced64-0f8f-5a42-906f-fa6ec450dc0f"", ""383e3b96-5fe2-5637-975e-836e1a294892""]",
0e065e56-d383-5f21-9970-5f8cb01258bf,RAG-M03-N02,short_answer,4,在企业RAG项目中需要应用“向量存储、精确搜索、HNSW与IVFFlat”。请给出实施步骤、失败风险和验收证据。,"{""required_points"": [""在PostgreSQL/pgvector中存储和查询向量"", ""理解精确检索与近似检索的权衡"", ""根据数据量、更新频率和过滤条件选择索引"", ""上线前必须有精确检索基线""]}",30,"[""0db4adce-4113-5ed8-844f-89563f132422"", ""5e8ced64-0f8f-5a42-906f-fa6ec450dc0f"", ""383e3b96-5fe2-5637-975e-836e1a294892"", ""881618b9-0202-5397-b16b-fb002bf8a858""]",
935700bc-dcf8-5fb8-9f6a-483142fcfd14,RAG-M03-N03,single_choice,2,关于“BM25、关键词检索与精确术语召回”，以下哪项表述最准确？,B,10,"[""6cf90763-ba94-5e6b-af2b-df4a83374646""]",
d64f8e18-c6df-5fbf-a446-53a058e8cbc6,RAG-M03-N03,true_false,2,向量检索出现后关键词检索已经过时。,F,10,"[""6cf90763-ba94-5e6b-af2b-df4a83374646"", ""d95931d9-b4cc-59ae-883d-8742ad35e137""]",
42e02728-0041-5700-901d-dcca9d454a4c,RAG-M03-N03,short_answer,3,请用不超过200字说明BM25、关键词检索与精确术语召回的核心目标、一个适用边界和一个质量验证方法。,"{""required_points"": [""关键词检索根据词项出现和区分度排序，擅长编号、产品名、错误码、函数名和罕见术语。它与向量检索互补，是混合检索不可缺少的基线。"", ""保留原始查询与规范化查询"", ""解释稀疏检索对精确词项的价值""]}",20,"[""6cf90763-ba94-5e6b-af2b-df4a83374646"", ""d95931d9-b4cc-59ae-883d-8742ad35e137"", ""6eae105b-244f-5e5f-8fdd-4ef9df1231dd""]",
07a5aa99-659b-5615-9107-dd6e2e0dc41e,RAG-M03-N03,short_answer,3,在企业RAG项目中需要应用“BM25、关键词检索与精确术语召回”。请给出实施步骤、失败风险和验收证据。,"{""required_points"": [""解释稀疏检索对精确词项的价值"", ""识别分词、停用词和领域词典对中文检索的影响"", ""设计关键词检索基线"", ""保留原始查询与规范化查询""]}",30,"[""6cf90763-ba94-5e6b-af2b-df4a83374646"", ""d95931d9-b4cc-59ae-883d-8742ad35e137"", ""6eae105b-244f-5e5f-8fdd-4ef9df1231dd"", ""518d537b-59a6-5d48-8df2-0b35bb37c0b8""]",
6f4d0398-017c-598e-b2dd-399a9f5f7cd3,RAG-M03-N04,single_choice,3,关于“混合检索、分数融合与RRF”，以下哪项表述最准确？,B,10,"[""7d448bf9-e164-5a44-81cd-86a76d56dcfa""]",
7bf91f88-964a-5bef-92cc-d64916df427a,RAG-M03-N04,true_false,3,混合检索就是把两种分数直接相加。,F,10,"[""7d448bf9-e164-5a44-81cd-86a76d56dcfa"", ""3a1befcf-aede-53f8-9b53-b51f618c12b4""]",
19232db4-b957-5e62-a9af-b554d7f03fe7,RAG-M03-N04,short_answer,4,请用不超过200字说明混合检索、分数融合与RRF的核心目标、一个适用边界和一个质量验证方法。,"{""required_points"": [""混合检索利用关键词的精确匹配和向量的语义匹配。RRF按照多个结果列表中的排名融合，不要求原始分数位于同一尺度，适合作为稳定基线。"", ""融合前保留原始排名"", ""组合关键词和向量检索结果""]}",20,"[""7d448bf9-e164-5a44-81cd-86a76d56dcfa"", ""3a1befcf-aede-53f8-9b53-b51f618c12b4"", ""0c530834-1e07-54de-8e39-8511bc1658c0""]",
be7c37e1-b087-56e6-a14d-942167405b3e,RAG-M03-N04,short_answer,4,在企业RAG项目中需要应用“混合检索、分数融合与RRF”。请给出实施步骤、失败风险和验收证据。,"{""required_points"": [""组合关键词和向量检索结果"", ""理解分数归一化与基于排名融合的差异"", ""通过固定评测集确定融合参数"", ""融合前保留原始排名""]}",30,"[""7d448bf9-e164-5a44-81cd-86a76d56dcfa"", ""3a1befcf-aede-53f8-9b53-b51f618c12b4"", ""0c530834-1e07-54de-8e39-8511bc1658c0"", ""716788a5-719d-5bd2-b841-55fc952f6160""]",
2304111c-2732-5d2b-b236-ee9fcf2fb7b7,RAG-M04-N01,single_choice,2,关于“查询理解、意图识别与查询改写”，以下哪项表述最准确？,B,10,"[""2216241f-58cb-509e-abb0-41c1c55bdf1f""]",
8bfc6fbd-fc2c-5283-a7ff-dd0368fe0b7c,RAG-M04-N01,true_false,2,把问题改得越长越容易检索。,F,10,"[""2216241f-58cb-509e-abb0-41c1c55bdf1f"", ""65b31f9f-9013-512f-bbda-cc2200a4f140""]",
96d1e7ad-23ab-5ec6-9268-735c5b3643a5,RAG-M04-N01,short_answer,3,请用不超过200字说明查询理解、意图识别与查询改写的核心目标、一个适用边界和一个质量验证方法。,"{""required_points"": [""用户问题往往包含省略、上下文指代、拼写和多个子问题。查询处理应在不改变原意的前提下生成检索计划，并保留原始问题用于审计。"", ""关键限定词不得丢失"", ""识别定义、比较、步骤、故障、多跳和拒答意图""]}",20,"[""2216241f-58cb-509e-abb0-41c1c55bdf1f"", ""65b31f9f-9013-512f-bbda-cc2200a4f140"", ""9856893b-3706-5d35-9fd0-b1563a39dcba""]",
23fb1dd8-2889-5c25-b979-dbbf6360de54,RAG-M04-N01,short_answer,3,在企业RAG项目中需要应用“查询理解、意图识别与查询改写”。请给出实施步骤、失败风险和验收证据。,"{""required_points"": [""识别定义、比较、步骤、故障、多跳和拒答意图"", ""把口语、指代和缩写转换为可检索表达"", ""控制查询扩展避免语义漂移"", ""关键限定词不得丢失""]}",30,"[""2216241f-58cb-509e-abb0-41c1c55bdf1f"", ""65b31f9f-9013-512f-bbda-cc2200a4f140"", ""9856893b-3706-5d35-9fd0-b1563a39dcba"", ""bb2ff342-0006-574c-8c09-7a5c49b1524f""]",
7d81ce6e-8939-5616-aba5-26aa306be6c5,RAG-M04-N02,single_choice,3,关于“元数据过滤、租户隔离与权限检索”，以下哪项表述最准确？,B,10,"[""060b18e5-ed29-50d7-9cf1-d2cb7ae22fed""]",
3911b957-8047-590c-b2ef-68f1506da2bf,RAG-M04-N02,true_false,3,在Prompt里写“不要泄露敏感信息”就足够。,F,10,"[""060b18e5-ed29-50d7-9cf1-d2cb7ae22fed"", ""190248c5-ff2b-5d24-8f12-8dca4b602d96""]",
37fa19f9-70a3-54ea-b108-f28c5c40fa2a,RAG-M04-N02,short_answer,4,请用不超过200字说明元数据过滤、租户隔离与权限检索的核心目标、一个适用边界和一个质量验证方法。,"{""required_points"": [""权限必须在检索层实施，而不是先检索敏感内容再让生成模型“不要显示”。所有查询都应绑定调用者、组织、激活知识版本和允许的安全标签。"", ""权限条件由后端注入且不可被Agent覆盖"", ""在召回前应用租户、角色、版本和有效期过滤""]}",20,"[""060b18e5-ed29-50d7-9cf1-d2cb7ae22fed"", ""190248c5-ff2b-5d24-8f12-8dca4b602d96"", ""772c18e9-a423-5492-80df-214c3e326a87""]",
cbf269be-52f0-5a86-bd82-9f125cbf225c,RAG-M04-N02,short_answer,4,在企业RAG项目中需要应用“元数据过滤、租户隔离与权限检索”。请给出实施步骤、失败风险和验收证据。,"{""required_points"": [""在召回前应用租户、角色、版本和有效期过滤"", ""防止检索侧数据越权"", ""验证过滤与近似索引的交互"", ""权限条件由后端注入且不可被Agent覆盖""]}",30,"[""060b18e5-ed29-50d7-9cf1-d2cb7ae22fed"", ""190248c5-ff2b-5d24-8f12-8dca4b602d96"", ""772c18e9-a423-5492-80df-214c3e326a87"", ""4e5f6c43-7704-5ab0-be5b-c059a68e3b4b""]",
55ca6c77-b6b1-56ec-b26a-6036a3d10e32,RAG-M04-N03,single_choice,3,关于“候选重排、交叉编码器与多阶段检索”，以下哪项表述最准确？,B,10,"[""cea9d066-c4b0-5d51-826e-5bf6970b3b7b""]",
ac80ecd0-15c9-5fec-b7e2-d476e9590c9e,RAG-M04-N03,true_false,3,重排器可以修复第一阶段漏检。,F,10,"[""cea9d066-c4b0-5d51-826e-5bf6970b3b7b"", ""825fd4ce-5fd5-5a03-b094-ae387480ea2d""]",
6b0bff72-1dbc-5dd2-84b0-c6165c777a79,RAG-M04-N03,short_answer,4,请用不超过200字说明候选重排、交叉编码器与多阶段检索的核心目标、一个适用边界和一个质量验证方法。,"{""required_points"": [""第一阶段检索追求召回，重排阶段用更精细的查询-片段交互提高头部相关性。重排不是替代召回；候选中没有正确证据时，再强的重排也无法恢复。"", ""保留重排前后排名"", ""理解召回与精排的职责差异""]}",20,"[""cea9d066-c4b0-5d51-826e-5bf6970b3b7b"", ""825fd4ce-5fd5-5a03-b094-ae387480ea2d"", ""f485d3df-f7e5-552d-b6f5-f7cb733477a0""]",
542074ac-6c20-5b5d-a99a-d335a086ef6b,RAG-M04-N03,short_answer,4,在企业RAG项目中需要应用“候选重排、交叉编码器与多阶段检索”。请给出实施步骤、失败风险和验收证据。,"{""required_points"": [""理解召回与精排的职责差异"", ""设计候选池和重排top-n参数"", ""测量重排收益、时延和失败模式"", ""保留重排前后排名""]}",30,"[""cea9d066-c4b0-5d51-826e-5bf6970b3b7b"", ""825fd4ce-5fd5-5a03-b094-ae387480ea2d"", ""f485d3df-f7e5-552d-b6f5-f7cb733477a0"", ""77e2ed0e-4e52-5024-90b5-73020341f9ce""]",
1d4c7ecd-db46-531f-b325-1573a0c8aee6,RAG-M04-N04,single_choice,4,关于“上下文选择、压缩、排序与引用封装”，以下哪项表述最准确？,B,10,"[""24c5e9d9-1f5f-5cb1-afb7-793c9235f9c3""]",
df27b8ca-e758-5fdc-b228-29138fc2b2ca,RAG-M04-N04,true_false,4,把检索到的50段全部放进上下文最安全。,F,10,"[""24c5e9d9-1f5f-5cb1-afb7-793c9235f9c3"", ""d6441eb5-e28a-5b0b-9cd7-f1b5b94fb8a9""]",
843bf3e9-7ccc-58b4-87e7-e6d89aec9d86,RAG-M04-N04,short_answer,5,请用不超过200字说明上下文选择、压缩、排序与引用封装的核心目标、一个适用边界和一个质量验证方法。,"{""required_points"": [""最终送入模型的不是检索结果列表，而是经过权限校验、去重、冲突标记、压缩和排序的证据包。更多上下文不一定更好，关键证据应保持完整并可引用。"", ""关键条件不得因压缩丢失"", ""在token预算内选择高价值证据""]}",20,"[""24c5e9d9-1f5f-5cb1-afb7-793c9235f9c3"", ""d6441eb5-e28a-5b0b-9cd7-f1b5b94fb8a9"", ""382852a1-407f-5cb3-910f-79f9e64b28fc""]",
06087d4d-8e68-5cb8-91a9-b197402f9f87,RAG-M04-N04,short_answer,5,在企业RAG项目中需要应用“上下文选择、压缩、排序与引用封装”。请给出实施步骤、失败风险和验收证据。,"{""required_points"": [""在token预算内选择高价值证据"", ""处理重复、冲突和长上下文位置问题"", ""构建带证据ID的上下文包"", ""关键条件不得因压缩丢失""]}",30,"[""24c5e9d9-1f5f-5cb1-afb7-793c9235f9c3"", ""d6441eb5-e28a-5b0b-9cd7-f1b5b94fb8a9"", ""382852a1-407f-5cb3-910f-79f9e64b28fc"", ""b7d7f4c7-aef7-535b-a226-a6cfbb0300ef""]",
b5c713de-e2ea-5fa7-9804-05da33d43e42,RAG-M05-N01,single_choice,2,关于“证据约束生成、引用与答案结构”，以下哪项表述最准确？,B,10,"[""5a8c0f89-8b27-5101-ae21-3040ab75bbc2""]",
702a6a80-ad08-5b35-809b-5cf5423b592d,RAG-M05-N01,true_false,2,提示词写“不要幻觉”就能保证可信。,F,10,"[""5a8c0f89-8b27-5101-ae21-3040ab75bbc2"", ""09f16411-041b-5ae5-bb68-b3f3c8583d6c""]",
96a9770a-98f9-53e6-b5af-6d610cc8f12c,RAG-M05-N01,short_answer,3,请用不超过200字说明证据约束生成、引用与答案结构的核心目标、一个适用边界和一个质量验证方法。,"{""required_points"": [""可信生成要求模型明确知道可用证据、允许的任务和禁止扩写范围。答案中的关键专业结论应绑定证据，推断应被标注，证据不足时不能用常识补齐。"", ""无证据的专业陈述不得发布"", ""设计只基于证据生成的提示和输出结构""]}",20,"[""5a8c0f89-8b27-5101-ae21-3040ab75bbc2"", ""09f16411-041b-5ae5-bb68-b3f3c8583d6c"", ""621966e1-03ad-5c30-bf27-683c4ace0ac7""]",
1adc725b-ee56-54b9-bf80-7e38051af247,RAG-M05-N01,short_answer,3,在企业RAG项目中需要应用“证据约束生成、引用与答案结构”。请给出实施步骤、失败风险和验收证据。,"{""required_points"": [""设计只基于证据生成的提示和输出结构"", ""把关键陈述与evidence_id绑定"", ""区分事实陈述、推断和教学改写"", ""无证据的专业陈述不得发布""]}",30,"[""5a8c0f89-8b27-5101-ae21-3040ab75bbc2"", ""09f16411-041b-5ae5-bb68-b3f3c8583d6c"", ""621966e1-03ad-5c30-bf27-683c4ace0ac7"", ""9740184c-c0fc-50fe-9086-8aee85a60791""]",
8ca8ccc0-0491-5d61-b2e1-6394a9a6ba86,RAG-M05-N02,single_choice,2,关于“证据不足、拒答、追问与人工转交”，以下哪项表述最准确？,B,10,"[""af19c081-bf31-5030-801c-104069fdfa03""]",
bed426fe-71c4-5bb8-9a10-ae5e7c93713c,RAG-M05-N02,true_false,2,拒答越多越安全。,F,10,"[""af19c081-bf31-5030-801c-104069fdfa03"", ""c56bbccd-b251-5073-b1ff-750e44f7463d""]",
209496ca-7ee1-5923-95bf-de0f320f3128,RAG-M05-N02,short_answer,3,请用不超过200字说明证据不足、拒答、追问与人工转交的核心目标、一个适用边界和一个质量验证方法。,"{""required_points"": [""可信系统必须知道何时不回答。证据不足不应被视为失败，而应触发扩大检索、澄清问题、说明知识边界或转人工的确定性策略。"", ""高风险无证据必须拒答或转人工"", ""定义证据充分性和拒答阈值""]}",20,"[""af19c081-bf31-5030-801c-104069fdfa03"", ""c56bbccd-b251-5073-b1ff-750e44f7463d"", ""29ed0fa1-79e7-50dc-8ee3-6758da64fb0f""]",
95887f9f-84ef-50f7-ac91-7e0353d47746,RAG-M05-N02,short_answer,3,在企业RAG项目中需要应用“证据不足、拒答、追问与人工转交”。请给出实施步骤、失败风险和验收证据。,"{""required_points"": [""定义证据充分性和拒答阈值"", ""区分拒答、追问、扩大检索和人工审核"", ""避免系统自信回答知识库外问题"", ""高风险无证据必须拒答或转人工""]}",30,"[""af19c081-bf31-5030-801c-104069fdfa03"", ""c56bbccd-b251-5073-b1ff-750e44f7463d"", ""29ed0fa1-79e7-50dc-8ee3-6758da64fb0f"", ""a765ce4c-c074-57e5-bfab-cceb6b9ca895""]",
2515eb3c-cf0b-57d5-99ed-c480d6da143a,RAG-M05-N03,single_choice,3,关于“幻觉分类、事实审核与交叉验证”，以下哪项表述最准确？,B,10,"[""d2eaf759-6ded-5884-918f-e0e4e66766ba""]",
c098dc61-2565-578c-a060-932b859948fc,RAG-M05-N03,true_false,3,让同一个模型再读一遍就叫交叉验证。,F,10,"[""d2eaf759-6ded-5884-918f-e0e4e66766ba"", ""370b0b20-3e5b-5db5-bf19-622c6c4717e1""]",
5f4ccc73-d23a-5e4e-859b-ae2e09c6ffab,RAG-M05-N03,short_answer,4,请用不超过200字说明幻觉分类、事实审核与交叉验证的核心目标、一个适用边界和一个质量验证方法。,"{""required_points"": [""幻觉不能只用一个总分表示。审核应逐项识别无证据陈述、与证据矛盾、引用不支持、条件丢失、数值或代码错误，并给出通过、修改、补检索或人工审核动作。"", ""审核不得只使用生成器摘要"", ""区分无依据、矛盾、引用错配和过度概括""]}",20,"[""d2eaf759-6ded-5884-918f-e0e4e66766ba"", ""370b0b20-3e5b-5db5-bf19-622c6c4717e1"", ""16963fcf-b840-5d52-a6aa-faa7ce33f419""]",
0ddcd914-c349-514b-9016-f361056e173a,RAG-M05-N03,short_answer,4,在企业RAG项目中需要应用“幻觉分类、事实审核与交叉验证”。请给出实施步骤、失败风险和验收证据。,"{""required_points"": [""区分无依据、矛盾、引用错配和过度概括"", ""设计审核智能体的独立证据检查"", ""计算专业知识谬误率"", ""审核不得只使用生成器摘要""]}",30,"[""d2eaf759-6ded-5884-918f-e0e4e66766ba"", ""370b0b20-3e5b-5db5-bf19-622c6c4717e1"", ""16963fcf-b840-5d52-a6aa-faa7ce33f419"", ""ce4b5efc-3fd0-513c-a7bc-8c51b0a5f37b""]",
84c81423-7047-527f-a7da-43c6ac4c98e4,RAG-M05-N04,single_choice,4,关于“提示注入、不可信文档与知识库安全”，以下哪项表述最准确？,B,10,"[""b04e4952-9eb2-502e-9cfe-41d8bd62bc49""]",
3ca33772-1233-56a2-990f-de37583d1b95,RAG-M05-N04,true_false,4,只有用户输入会提示注入。,F,10,"[""b04e4952-9eb2-502e-9cfe-41d8bd62bc49"", ""82baf3c7-5e46-5051-9dc0-ca20b8b92ff6""]",
2444176a-3115-591c-b404-3c351fb8161d,RAG-M05-N04,short_answer,5,请用不超过200字说明提示注入、不可信文档与知识库安全的核心目标、一个适用边界和一个质量验证方法。,"{""required_points"": [""RAG会把外部文档送入模型，因此文档中的恶意指令可能影响模型。所有检索内容都应被视为不可信数据，不能获得系统指令或工具权限。"", ""检索证据永远视为不可信数据"", ""识别用户直接注入和文档间接注入""]}",20,"[""b04e4952-9eb2-502e-9cfe-41d8bd62bc49"", ""82baf3c7-5e46-5051-9dc0-ca20b8b92ff6"", ""36517c9a-c0cd-5c02-a8ba-8efdaf33764a""]",
bea51dc7-faee-5681-8d46-83e48a1d783f,RAG-M05-N04,short_answer,5,在企业RAG项目中需要应用“提示注入、不可信文档与知识库安全”。请给出实施步骤、失败风险和验收证据。,"{""required_points"": [""识别用户直接注入和文档间接注入"", ""把知识内容与系统指令隔离"", ""设计输入、工具、输出和发布多层防线"", ""检索证据永远视为不可信数据""]}",30,"[""b04e4952-9eb2-502e-9cfe-41d8bd62bc49"", ""82baf3c7-5e46-5051-9dc0-ca20b8b92ff6"", ""36517c9a-c0cd-5c02-a8ba-8efdaf33764a"", ""56475a80-f5aa-571b-96a9-5cf4a4a59630""]",
fbff1d94-73a6-5d70-918e-a07c9938b95c,RAG-M06-N01,single_choice,2,关于“检索评测：Hit Rate、Recall、MRR与nDCG”，以下哪项表述最准确？,B,10,"[""adffd192-5ddc-5a39-b49e-54daa48cbee2""]",
ad847984-8fee-5b43-97dd-73175d79b155,RAG-M06-N01,true_false,2,Hit@5高就说明上下文一定优质。,F,10,"[""adffd192-5ddc-5a39-b49e-54daa48cbee2"", ""b5f3a63c-bf7f-5ec5-bc9a-017bdbad9ed8""]",
706639b8-80c6-5b3c-93bf-a048b5b118cc,RAG-M06-N01,short_answer,3,请用不超过200字说明检索评测：Hit Rate、Recall、MRR与nDCG的核心目标、一个适用边界和一个质量验证方法。,"{""required_points"": [""检索评测必须脱离生成模型单独进行。Hit Rate关注是否命中，Recall关注相关证据覆盖，MRR关注首个相关结果位置，nDCG考虑多级相关性和排序。"", ""测试集需固定版本"", ""构建查询与相关证据标注集""]}",20,"[""adffd192-5ddc-5a39-b49e-54daa48cbee2"", ""b5f3a63c-bf7f-5ec5-bc9a-017bdbad9ed8"", ""c3f82abd-e2ee-5035-9af9-47b1efad9b83""]",
796d1156-4639-57b3-9c58-6d8600a21880,RAG-M06-N01,short_answer,3,在企业RAG项目中需要应用“检索评测：Hit Rate、Recall、MRR与nDCG”。请给出实施步骤、失败风险和验收证据。,"{""required_points"": [""构建查询与相关证据标注集"", ""计算常用检索指标并解释差异"", ""按查询类型定位检索失败"", ""测试集需固定版本""]}",30,"[""adffd192-5ddc-5a39-b49e-54daa48cbee2"", ""b5f3a63c-bf7f-5ec5-bc9a-017bdbad9ed8"", ""c3f82abd-e2ee-5035-9af9-47b1efad9b83"", ""4664f323-58f4-55a0-8727-58b743ad4ea0""]",
fdbecb0b-fe0b-5354-8c28-9a2e4781f78f,RAG-M06-N02,single_choice,3,关于“生成评测：忠实度、引用、完整性与适配”，以下哪项表述最准确？,B,10,"[""03235f85-f938-56aa-b0ff-4bc1532ba277""]",
b2eed670-3187-5538-8a67-897009f35cfa,RAG-M06-N02,true_false,3,答案事实正确就代表适合学习者。,F,10,"[""03235f85-f938-56aa-b0ff-4bc1532ba277"", ""1d95d51a-ea33-537f-b172-a64a41a50afe""]",
a3b2930f-b9de-5202-b6fd-cc72adc2768c,RAG-M06-N02,short_answer,4,请用不超过200字说明生成评测：忠实度、引用、完整性与适配的核心目标、一个适用边界和一个质量验证方法。,"{""required_points"": [""生成评测应判断答案是否被证据支持、是否覆盖任务要求、引用是否准确、表达是否适合目标学习者。一个答案可能事实正确但不完整，也可能难度错配。"", ""专业谬误率需人工或权威规则确认"", ""分解答案为可验证专业陈述""]}",20,"[""03235f85-f938-56aa-b0ff-4bc1532ba277"", ""1d95d51a-ea33-537f-b172-a64a41a50afe"", ""5df563d9-8637-503b-8c51-890b1420fda8""]",
d8343fd4-1850-5d58-b8ab-0f2912ccda27,RAG-M06-N02,short_answer,4,在企业RAG项目中需要应用“生成评测：忠实度、引用、完整性与适配”。请给出实施步骤、失败风险和验收证据。,"{""required_points"": [""分解答案为可验证专业陈述"", ""评估证据忠实度和引用支持关系"", ""测量学习者画像与资源难度适配"", ""专业谬误率需人工或权威规则确认""]}",30,"[""03235f85-f938-56aa-b0ff-4bc1532ba277"", ""1d95d51a-ea33-537f-b172-a64a41a50afe"", ""5df563d9-8637-503b-8c51-890b1420fda8"", ""6424993c-4943-51fa-963a-7e9abafc2354""]",
ca1ffdcf-555a-5034-9153-0a80781b8695,RAG-M06-N03,single_choice,3,关于“端到端回归、消融实验与发布门禁”，以下哪项表述最准确？,B,10,"[""e8b6e6b1-8456-52aa-ab72-cb0f6a40cf88""]",
b45712ce-956c-529e-b627-b689a7cec1b8,RAG-M06-N03,true_false,3,新版本总体平均分更高就可以发布。,F,10,"[""e8b6e6b1-8456-52aa-ab72-cb0f6a40cf88"", ""50735323-f303-5a3e-8a00-d9daade93e7f""]",
7ab6bc32-f780-554e-8607-68d8de82c25d,RAG-M06-N03,short_answer,4,请用不超过200字说明端到端回归、消融实验与发布门禁的核心目标、一个适用边界和一个质量验证方法。,"{""required_points"": [""RAG系统的改动可能改善一个指标同时损害另一个。每次知识、切片、嵌入、检索、重排、Prompt或模型变更，都应在固定数据集上回归并与基线比较。"", ""回归数据集不可随意删除失败案例"", ""建立版本级回归流程""]}",20,"[""e8b6e6b1-8456-52aa-ab72-cb0f6a40cf88"", ""50735323-f303-5a3e-8a00-d9daade93e7f"", ""4e94d552-1552-5c99-9560-33aff792912d""]",
91ae2b40-0312-5fbd-92b8-9d507cec3321,RAG-M06-N03,short_answer,4,在企业RAG项目中需要应用“端到端回归、消融实验与发布门禁”。请给出实施步骤、失败风险和验收证据。,"{""required_points"": [""建立版本级回归流程"", ""通过消融识别每个组件真实贡献"", ""定义阻断发布的质量门禁"", ""回归数据集不可随意删除失败案例""]}",30,"[""e8b6e6b1-8456-52aa-ab72-cb0f6a40cf88"", ""50735323-f303-5a3e-8a00-d9daade93e7f"", ""4e94d552-1552-5c99-9560-33aff792912d"", ""025bbb14-294e-56d7-8d1d-26b3906bec88""]",
7bb26836-ae9a-5a10-9343-34ec615e2195,RAG-M06-N04,single_choice,4,关于“可观测性、成本、时延与故障定位”，以下哪项表述最准确？,B,10,"[""f7a56088-095a-51e7-85ad-8b2fe9133c6f""]",
25fdfb9f-4961-5f3d-bf53-d9a3045a1022,RAG-M06-N04,true_false,4,只记录最终答案和报错就够。,F,10,"[""f7a56088-095a-51e7-85ad-8b2fe9133c6f"", ""620c5f33-f3ff-5aea-8bed-876495e857a4""]",
02f04ee2-8206-54ca-b17b-84989dccf42b,RAG-M06-N04,short_answer,5,请用不超过200字说明可观测性、成本、时延与故障定位的核心目标、一个适用边界和一个质量验证方法。,"{""required_points"": [""生产RAG需要把一次请求拆解为可观测事件。关联ID、知识版本、检索结果、模型调用、审核和决策必须串联，才能解释系统为何给出某个结果。"", ""前端状态必须来自后端事件"", ""设计跨后端、检索、Agent和模型的追踪字段""]}",20,"[""f7a56088-095a-51e7-85ad-8b2fe9133c6f"", ""620c5f33-f3ff-5aea-8bed-876495e857a4"", ""b3f5a569-1ddd-5d60-9ab1-62aa03ffc24b""]",
a2a21fef-f0e4-53cc-afe2-3f96caa0c916,RAG-M06-N04,short_answer,5,在企业RAG项目中需要应用“可观测性、成本、时延与故障定位”。请给出实施步骤、失败风险和验收证据。,"{""required_points"": [""设计跨后端、检索、Agent和模型的追踪字段"", ""分解时延和成本"", ""用事件回放定位失败节点"", ""前端状态必须来自后端事件""]}",30,"[""f7a56088-095a-51e7-85ad-8b2fe9133c6f"", ""620c5f33-f3ff-5aea-8bed-876495e857a4"", ""b3f5a569-1ddd-5d60-9ab1-62aa03ffc24b"", ""9f9cf91f-b805-56c0-ae09-037cfe9a2ece""]",
1385ed20-8453-527d-91b2-1a90604fc358,RAG-M07-N01,single_choice,3,关于“父子检索、层级检索与长文档问答”，以下哪项表述最准确？,B,10,"[""8a6d4207-0b73-570f-88a9-0a286da9db8d""]",
4b5e3323-0bb5-5bd2-bc61-bf60aa5de202,RAG-M07-N01,true_false,3,父子检索只是把chunk size设置成两个值。,F,10,"[""8a6d4207-0b73-570f-88a9-0a286da9db8d"", ""8662dadf-3f31-5802-8bf9-9a4024d1fda3""]",
6ad9096c-7257-5199-baba-9bc7057b66d2,RAG-M07-N01,short_answer,4,请用不超过200字说明父子检索、层级检索与长文档问答的核心目标、一个适用边界和一个质量验证方法。,"{""required_points"": [""层级检索用较小叶子节点提高命中精度，再返回对应父节点或邻接节点补充完整上下文，适合教材、规范和章节结构明显的长文档。"", ""父子关系必须可验证"", ""设计父节点和叶子节点的层级关系""]}",20,"[""8a6d4207-0b73-570f-88a9-0a286da9db8d"", ""8662dadf-3f31-5802-8bf9-9a4024d1fda3"", ""5beb2f8c-4908-51ba-b2b5-8020e17bcf3c""]",
48839c86-e376-51e2-bd62-ee21ccb5c863,RAG-M07-N01,short_answer,4,在企业RAG项目中需要应用“父子检索、层级检索与长文档问答”。请给出实施步骤、失败风险和验收证据。,"{""required_points"": [""设计父节点和叶子节点的层级关系"", ""用小块定位、大块补充上下文"", ""评测层级检索对长文档问题的收益"", ""父子关系必须可验证""]}",30,"[""8a6d4207-0b73-570f-88a9-0a286da9db8d"", ""8662dadf-3f31-5802-8bf9-9a4024d1fda3"", ""5beb2f8c-4908-51ba-b2b5-8020e17bcf3c"", ""38a85343-ee96-5bb6-a36d-102b65702aee""]",
b5a2fbb0-9565-5ef6-a7ee-8f6d5937512b,RAG-M07-N02,single_choice,4,关于“GraphRAG、实体关系与局部/全局查询”，以下哪项表述最准确？,B,10,"[""98506802-b517-54d1-830d-4593bd3abca6""]",
55c974e7-e5b2-56b6-877f-553b3fbb8fcc,RAG-M07-N02,true_false,4,GraphRAG在所有问题上都比向量检索强。,F,10,"[""98506802-b517-54d1-830d-4593bd3abca6"", ""52ab22c2-b150-504d-a10c-3c4d2f8bf0e5""]",
65903ff1-8eb7-5d13-9aee-3f6cc9afd9e8,RAG-M07-N02,short_answer,5,请用不超过200字说明GraphRAG、实体关系与局部/全局查询的核心目标、一个适用边界和一个质量验证方法。,"{""required_points"": [""GraphRAG把实体、关系和社区结构用于检索，适合多跳关系、依赖链和整体主题问题。它不是普通问答的默认方案，图抽取错误和构建成本必须通过评测证明值得。"", ""图边必须有来源证据"", ""判断何时需要图结构而不是纯文本相似度""]}",20,"[""98506802-b517-54d1-830d-4593bd3abca6"", ""52ab22c2-b150-504d-a10c-3c4d2f8bf0e5"", ""2d40b0bf-895a-5c32-8073-ecf7ecf35403""]",
377f487d-a49a-5fdd-b6f1-7bf15fc5485f,RAG-M07-N02,short_answer,5,在企业RAG项目中需要应用“GraphRAG、实体关系与局部/全局查询”。请给出实施步骤、失败风险和验收证据。,"{""required_points"": [""判断何时需要图结构而不是纯文本相似度"", ""区分局部实体查询与全局主题查询"", ""理解图构建成本和证据回溯要求"", ""图边必须有来源证据""]}",30,"[""98506802-b517-54d1-830d-4593bd3abca6"", ""52ab22c2-b150-504d-a10c-3c4d2f8bf0e5"", ""2d40b0bf-895a-5c32-8073-ecf7ecf35403"", ""34ab589e-3895-5dda-af1f-7ba8ebf76721""]",
d7272419-3b60-5043-a11d-88bd948446bf,RAG-M07-N03,single_choice,4,关于“Agentic RAG、问题分解与检索自修复”，以下哪项表述最准确？,B,10,"[""48d5743b-bdaa-59ed-9b3c-6afd2a6a238d""]",
0a75505d-ab4a-535f-9138-b548ffcf685d,RAG-M07-N03,true_false,4,Agentic RAG就是让模型自由决定所有步骤。,F,10,"[""48d5743b-bdaa-59ed-9b3c-6afd2a6a238d"", ""9122166e-62a5-5f90-aa9f-6b701a509ac9""]",
da49160a-9ada-5a98-a937-3216f5cb9e19,RAG-M07-N03,short_answer,5,请用不超过200字说明Agentic RAG、问题分解与检索自修复的核心目标、一个适用边界和一个质量验证方法。,"{""required_points"": [""Agentic RAG把固定检索流水线扩展为受策略约束的计划-执行-检查循环。它适合复杂、多跳或证据不足的问题，普通事实问题仍应走低成本确定性路径。"", ""工具与状态边由代码控制"", ""让Agent根据问题选择检索工具和步骤""]}",20,"[""48d5743b-bdaa-59ed-9b3c-6afd2a6a238d"", ""9122166e-62a5-5f90-aa9f-6b701a509ac9"", ""a06b3a62-37a7-5230-9a9a-f0ca5d15f1e9""]",
d70a829f-db40-5c30-8831-145074e778f2,RAG-M07-N03,short_answer,5,在企业RAG项目中需要应用“Agentic RAG、问题分解与检索自修复”。请给出实施步骤、失败风险和验收证据。,"{""required_points"": [""让Agent根据问题选择检索工具和步骤"", ""设计证据充分性检查与重试上限"", ""避免无限循环和不可解释的自主行为"", ""工具与状态边由代码控制""]}",30,"[""48d5743b-bdaa-59ed-9b3c-6afd2a6a238d"", ""9122166e-62a5-5f90-aa9f-6b701a509ac9"", ""a06b3a62-37a7-5230-9a9a-f0ca5d15f1e9"", ""6c831bf7-0966-5b49-bcb0-319c51feb9fa""]",
8032296b-1777-5115-b6d0-0c4940aee637,RAG-M07-N04,single_choice,5,关于“结构化、代码与多模态知识路由”，以下哪项表述最准确？,B,10,"[""62932873-51ea-5a17-86b5-b386af4b4671""]",
e8d5c315-23e2-523d-a474-1cea308600c4,RAG-M07-N04,true_false,5,把表格、代码和图片转成文本就完全等价。,F,10,"[""62932873-51ea-5a17-86b5-b386af4b4671"", ""cc8a5bcb-a904-508d-becf-7c11bae4e059""]",
47a150ee-281f-5931-9b75-0afa43572eb0,RAG-M07-N04,short_answer,5,请用不超过200字说明结构化、代码与多模态知识路由的核心目标、一个适用边界和一个质量验证方法。,"{""required_points"": [""不是所有知识都应转成普通文本向量。表格和实时指标应结构化查询，代码应保留符号与调用关系，图片和流程图需要视觉或说明索引，再由检索计划组合证据。"", ""精确数值优先结构化查询"", ""按知识类型选择结构化查询、符号检索或多模态索引""]}",20,"[""62932873-51ea-5a17-86b5-b386af4b4671"", ""cc8a5bcb-a904-508d-becf-7c11bae4e059"", ""08c393ce-e227-59c9-b152-c945db8c3b40""]",
2cec83e3-c42c-59a9-8aec-35c718f13611,RAG-M07-N04,short_answer,5,在企业RAG项目中需要应用“结构化、代码与多模态知识路由”。请给出实施步骤、失败风险和验收证据。,"{""required_points"": [""按知识类型选择结构化查询、符号检索或多模态索引"", ""组合多种证据并保留来源"", ""设计路由错误的降级策略"", ""精确数值优先结构化查询""]}",30,"[""62932873-51ea-5a17-86b5-b386af4b4671"", ""cc8a5bcb-a904-508d-becf-7c11bae4e059"", ""08c393ce-e227-59c9-b152-c945db8c3b40"", ""597a13ad-5a95-5959-953b-1121d00ba127""]",
2c5feecb-0d16-5626-a41b-148bb4cdda89,RAG-M08-N01,single_choice,2,关于“知识服务API、契约与Agent集成”，以下哪项表述最准确？,B,10,"[""a7da9668-9a0f-5eb3-8d65-1e2f8a3f2cfb""]",
76be89d2-59ba-509d-8cf9-f9148805deae,RAG-M08-N01,true_false,2,Agent之间直接传任意JSON更灵活。,F,10,"[""a7da9668-9a0f-5eb3-8d65-1e2f8a3f2cfb"", ""a9903154-d349-5bb0-84f1-96c0c210e11e""]",
10d1a726-d68b-5662-91a3-f85953577560,RAG-M08-N01,short_answer,3,请用不超过200字说明知识服务API、契约与Agent集成的核心目标、一个适用边界和一个质量验证方法。,"{""required_points"": [""知识库应作为可替换服务或模块向后端和Agent提供稳定契约。调用者传入知识版本、查询、top-k和不可覆盖的过滤条件，返回结构化证据而不是自由文本答案。"", ""浏览器不得直接访问内部检索服务"", ""定义检索请求、响应和证据对象""]}",20,"[""a7da9668-9a0f-5eb3-8d65-1e2f8a3f2cfb"", ""a9903154-d349-5bb0-84f1-96c0c210e11e"", ""e706b43c-21c6-5e1e-be27-a6d15bf6dca6""]",
5ad25c33-f846-52ff-9640-dc97131495cd,RAG-M08-N01,short_answer,3,在企业RAG项目中需要应用“知识服务API、契约与Agent集成”。请给出实施步骤、失败风险和验收证据。,"{""required_points"": [""定义检索请求、响应和证据对象"", ""使用OpenAPI与JSON Schema冻结边界"", ""实现版本、幂等、错误码和兼容性策略"", ""浏览器不得直接访问内部检索服务""]}",30,"[""a7da9668-9a0f-5eb3-8d65-1e2f8a3f2cfb"", ""a9903154-d349-5bb0-84f1-96c0c210e11e"", ""e706b43c-21c6-5e1e-be27-a6d15bf6dca6"", ""a089978b-f264-5e1f-8ec5-299595c46819""]",
29c38019-3f10-54e8-a472-4a2ef25efdfa,RAG-M08-N02,single_choice,3,关于“持久化、事务、缓存与一致性”，以下哪项表述最准确？,B,10,"[""a0691617-7aef-5cbb-999b-318ce930f4d5""]",
09b88e28-ee79-566c-bacd-eb67e5f10e58,RAG-M08-N02,true_false,3,数据库也是通过前端API直接连接。,F,10,"[""a0691617-7aef-5cbb-999b-318ce930f4d5"", ""216cb12a-abee-5c74-a2e2-8ad16395fae0""]",
bfc66c50-0bc4-546d-84d2-c83dad1e550d,RAG-M08-N02,short_answer,4,请用不超过200字说明持久化、事务、缓存与一致性的核心目标、一个适用边界和一个质量验证方法。,"{""required_points"": [""PostgreSQL保存权威元数据、画像、证据和事件；对象存储保存原始大文件；Redis用于缓存、锁和短期队列。前端和专业Agent均不直接任意写数据库。"", ""客户端不持有数据库凭据"", ""把权威业务数据、知识元数据、文件和缓存分层存储""]}",20,"[""a0691617-7aef-5cbb-999b-318ce930f4d5"", ""216cb12a-abee-5c74-a2e2-8ad16395fae0"", ""83d3d7ce-7589-50b3-ae42-99e860593e20""]",
00cf91a7-b2d6-55aa-8f9f-0a2eb0e24bf9,RAG-M08-N02,short_answer,4,在企业RAG项目中需要应用“持久化、事务、缓存与一致性”。请给出实施步骤、失败风险和验收证据。,"{""required_points"": [""把权威业务数据、知识元数据、文件和缓存分层存储"", ""控制版本发布与激活事务"", ""设计缓存键和失效策略"", ""客户端不持有数据库凭据""]}",30,"[""a0691617-7aef-5cbb-999b-318ce930f4d5"", ""216cb12a-abee-5c74-a2e2-8ad16395fae0"", ""83d3d7ce-7589-50b3-ae42-99e860593e20"", ""e5980c5c-382b-51b1-a425-0f896e0d688e""]",
9bef8762-504c-57e1-87e5-122534b796a9,RAG-M08-N03,single_choice,4,关于“性能、批处理、缓存与容量规划”，以下哪项表述最准确？,B,10,"[""8d9b1474-edc1-5907-9284-c13592082a29""]",
597e0e87-34ba-5cee-b67f-e4cb557af15b,RAG-M08-N03,true_false,4,减少top-k一定能同时提高速度和质量。,F,10,"[""8d9b1474-edc1-5907-9284-c13592082a29"", ""4c1d2fed-7251-5c77-8fb9-405983e2e002""]",
0e30ea1f-4c51-511b-8e0e-aa34dedb4043,RAG-M08-N03,short_answer,5,请用不超过200字说明性能、批处理、缓存与容量规划的核心目标、一个适用边界和一个质量验证方法。,"{""required_points"": [""性能优化必须建立在质量门禁之上。通过批量嵌入、索引调优、缓存、并行召回和分层模型降低成本，同时监测召回退化和长尾时延。"", ""性能优化不得突破质量下限"", ""建立容量模型与负载测试""]}",20,"[""8d9b1474-edc1-5907-9284-c13592082a29"", ""4c1d2fed-7251-5c77-8fb9-405983e2e002"", ""a7caef67-cf4a-5fc4-a770-9f695ad627f6""]",
a599e6d6-f7bb-5938-ad28-a1496ee0bec9,RAG-M08-N03,short_answer,5,在企业RAG项目中需要应用“性能、批处理、缓存与容量规划”。请给出实施步骤、失败风险和验收证据。,"{""required_points"": [""建立容量模型与负载测试"", ""优化嵌入、检索、重排和模型调用"", ""设计超时、降级与背压"", ""性能优化不得突破质量下限""]}",30,"[""8d9b1474-edc1-5907-9284-c13592082a29"", ""4c1d2fed-7251-5c77-8fb9-405983e2e002"", ""a7caef67-cf4a-5fc4-a770-9f695ad627f6"", ""fd6ae84e-23a4-5b44-85a7-d12f8246b9f4""]",
72786715-1e9f-5610-8331-acd28ca76717,RAG-M08-N04,single_choice,5,关于“本地开发、容器部署、安全与运维”，以下哪项表述最准确？,B,10,"[""0af1e8e2-843f-554e-af8f-c5115de5ccd8""]",
d2a54873-b2a2-5e9a-80b1-fd11b6d06f05,RAG-M08-N04,true_false,5,本地开发后部署只需把代码复制到服务器。,F,10,"[""0af1e8e2-843f-554e-af8f-c5115de5ccd8"", ""9ee66678-89ed-5378-b51f-57bc0edfe9a9""]",
3b97f129-ea3f-56a2-acae-9721ba9e7c37,RAG-M08-N04,short_answer,5,请用不超过200字说明本地开发、容器部署、安全与运维的核心目标、一个适用边界和一个质量验证方法。,"{""required_points"": [""开发期可以在本机用Docker Compose运行完整依赖，代码通过GitHub协作；部署时将同样的服务边界迁移到Linux服务器。逻辑分离比是否同一台机器更重要。"", ""密钥不进Git"", ""用本地容器环境支持多人并行开发""]}",20,"[""0af1e8e2-843f-554e-af8f-c5115de5ccd8"", ""9ee66678-89ed-5378-b51f-57bc0edfe9a9"", ""cceb5911-0533-57ae-8400-8f5f80f11680""]",
bfd10eb2-200c-5442-9cc3-2171793b84ff,RAG-M08-N04,short_answer,5,在企业RAG项目中需要应用“本地开发、容器部署、安全与运维”。请给出实施步骤、失败风险和验收证据。,"{""required_points"": [""用本地容器环境支持多人并行开发"", ""把前端、后端、Agent、数据库和缓存逻辑隔离"", ""制定生产安全、备份、迁移和回滚计划"", ""密钥不进Git""]}",30,"[""0af1e8e2-843f-554e-af8f-c5115de5ccd8"", ""9ee66678-89ed-5378-b51f-57bc0edfe9a9"", ""cceb5911-0533-57ae-8400-8f5f80f11680"", ""58052dfe-4dc7-5155-a507-14fde93333d3""]",
43bd9bbe-0c41-55a4-9b21-032512df1827,RAG-SUB-rag_definition,single_choice,1,关于“RAG基本定义”，以下哪项描述最准确？,A,10,"[""3d790109-f3fd-5b5a-8ad7-83a413013d4b""]","{""origin_question_id"": ""q_rag_definition_foundation"", ""review_status"": ""pending_team_review""}"
abb3e960-88af-5518-bdb0-de46ccb235f2,RAG-SUB-rag_definition,short_answer,1,请说明在真实RAG项目中如何落实“RAG基本定义”，至少给出三个实施要点。,最小实现包含查询输入、检索器、候选证据、上下文构造、生成器和引用输出。先用一个小而可靠的知识库和固定问题集建立基线，再逐步增加查询改写、混合检索和重排序。,10,"[""49874bf9-459f-583f-97e3-77f7b5e1b548""]","{""origin_question_id"": ""q_rag_definition_standard"", ""review_status"": ""pending_team_review""}"
0463ca1e-d165-5caa-bbf7-6c1da572b21b,RAG-SUB-rag_definition,short_answer,2,某团队在“RAG基本定义”环节出现质量下降。请列出至少两个常见根因，并说明何时不应继续增加该环节的复杂度。,常见根因：常见误区是把向量数据库等同于RAG，或认为接入知识库后就不会幻觉。若检索不到正确证据、上下文被截断或模型无视证据，仍会产生错误。 适用边界：对完全不依赖外部事实的创意写作、闲聊或纯计算任务，RAG未必有收益；对高风险答案，RAG也不能替代人工审核和业务规则。,10,"[""ebce3ec7-8cb3-59b0-ae88-03f2ca6c009b"", ""a6585dd6-d992-5787-9746-604821275b5d""]","{""origin_question_id"": ""q_rag_definition_advanced"", ""review_status"": ""pending_team_review""}"
efda761a-0d62-5e3d-b53c-306a533b6c77,RAG-SUB-rag_end_to_end_architecture,single_choice,1,关于“RAG端到端架构”，以下哪项描述最准确？,B,10,"[""69943873-7567-5f63-b774-d7101a449690""]","{""origin_question_id"": ""q_rag_end_to_end_architecture_foundation"", ""review_status"": ""pending_team_review""}"
4f0ead0c-a83a-5bf4-b79a-c349a284f3ed,RAG-SUB-rag_end_to_end_architecture,short_answer,1,请说明在真实RAG项目中如何落实“RAG端到端架构”，至少给出三个实施要点。,建议为每次请求创建correlation_id，并保存query、retrieved_chunk_ids、scores、reranked_order、prompt_version、model_version、answer和latency。离线索引也要记录knowledge_base_version_id，保证结果可复现。,10,"[""37bdd36a-e586-5804-94dd-cf9ab7b620c2""]","{""origin_question_id"": ""q_rag_end_to_end_architecture_standard"", ""review_status"": ""pending_team_review""}"
42694ffd-7abe-58b0-b64f-f47e4676ce03,RAG-SUB-rag_end_to_end_architecture,short_answer,2,某团队在“RAG端到端架构”环节出现质量下降。请列出至少两个常见根因，并说明何时不应继续增加该环节的复杂度。,常见根因：只记录最终答案会导致故障无法定位；知识库更新后不做回归，会出现旧问题突然失效；离线与在线使用不同切分或嵌入版本也会造成不一致。 适用边界：比赛原型可将模块部署在同一后端中，但接口和数据边界仍应明确；商业化后再按吞吐、隔离和运维需求拆分服务。,10,"[""3f00e3b4-c58d-581d-8b86-031983c791c3"", ""cfccad5c-c894-53cc-98c8-2255e145a3ac""]","{""origin_question_id"": ""q_rag_end_to_end_architecture_advanced"", ""review_status"": ""pending_team_review""}"
2e498e12-8deb-5250-9cd7-b430022bd159,RAG-SUB-parametric_nonparametric_memory,single_choice,1,关于“参数记忆与外部记忆”，以下哪项描述最准确？,C,10,"[""ff0e610d-af35-5a31-9a96-7171c3584acc""]","{""origin_question_id"": ""q_parametric_nonparametric_memory_foundation"", ""review_status"": ""pending_team_review""}"
b1d53cee-c2d2-536b-9be0-4b2de419b191,RAG-SUB-parametric_nonparametric_memory,short_answer,2,请说明在真实RAG项目中如何落实“参数记忆与外部记忆”，至少给出三个实施要点。,对事实性字段、企业规则和时效内容，应要求答案由外部证据支持；对语言组织、解释和概括，可利用模型能力。提示词中要明确哪些内容允许推理，哪些内容必须逐项引用。,10,"[""e2a687b2-e705-5bde-807c-98831b608d00""]","{""origin_question_id"": ""q_parametric_nonparametric_memory_standard"", ""review_status"": ""pending_team_review""}"
e63f1ec8-9f38-5ed4-99a9-1285c8fe4bc9,RAG-SUB-parametric_nonparametric_memory,short_answer,3,某团队在“参数记忆与外部记忆”环节出现质量下降。请列出至少两个常见根因，并说明何时不应继续增加该环节的复杂度。,常见根因：把模型记忆当成权威来源会造成过时或不可审计的答案；反过来，要求每个常识词都必须检索，会增加延迟并降低自然度。 适用边界：在证据不足时应拒答或请求补充资料，而不是让参数记忆补齐企业内部事实。,10,"[""d5292e6e-9a50-59e9-ac84-d0094e6361f7"", ""fae5556a-2c2c-5c01-a5b3-8272ea3334ed""]","{""origin_question_id"": ""q_parametric_nonparametric_memory_advanced"", ""review_status"": ""pending_team_review""}"
7fc204e0-8def-5dac-9e80-cdd4cf7c6e19,RAG-SUB-rag_applicability,single_choice,1,关于“RAG适用性判断”，以下哪项描述最准确？,D,10,"[""9a57b1b9-fd11-50ba-bdd0-eedbd7f166a0""]","{""origin_question_id"": ""q_rag_applicability_foundation"", ""review_status"": ""pending_team_review""}"
6dacdb68-0fed-553d-8647-db21c34facc8,RAG-SUB-rag_applicability,short_answer,2,请说明在真实RAG项目中如何落实“RAG适用性判断”，至少给出三个实施要点。,先用决策表评估：是否有可靠语料、是否能定义正确答案、是否要求引用、是否需要实时数据、是否涉及工具执行。简单FAQ可用稀疏或混合检索；跨文档关系问题可能需要图结构或多步检索。,10,"[""3fe1f022-3615-59c6-83ca-dbbcc855fd0e""]","{""origin_question_id"": ""q_rag_applicability_standard"", ""review_status"": ""pending_team_review""}"
bc1b9166-c4d4-5e7c-8aad-2f91063b864d,RAG-SUB-rag_applicability,short_answer,3,某团队在“RAG适用性判断”环节出现质量下降。请列出至少两个常见根因，并说明何时不应继续增加该环节的复杂度。,常见根因：为了“使用AI”而上RAG会制造不必要复杂度；没有可靠知识源时，系统只能把低质量内容检索得更快；没有评测集时也无法证明RAG有效。 适用边界：实时交易、复杂计算或需要写入外部系统的任务，通常还需要工具调用、规则引擎或人工审批，不能仅依靠RAG。,10,"[""af5b5947-55a2-5368-a2e5-54e9be8cf1c7"", ""7bd6d185-e2a0-502b-8073-4c8a534a47a9""]","{""origin_question_id"": ""q_rag_applicability_advanced"", ""review_status"": ""pending_team_review""}"
e04a614c-d55e-5665-9ef0-6d3ae2f71f65,RAG-SUB-rag_failure_taxonomy,single_choice,1,关于“RAG失败类型”，以下哪项描述最准确？,A,10,"[""a851f4e0-1280-5a10-904c-7c6feeb66b76""]","{""origin_question_id"": ""q_rag_failure_taxonomy_foundation"", ""review_status"": ""pending_team_review""}"
c29d0c10-7485-55f8-a64e-7471cfd842a1,RAG-SUB-rag_failure_taxonomy,short_answer,2,请说明在真实RAG项目中如何落实“RAG失败类型”，至少给出三个实施要点。,建立错误案例表，至少记录问题、期望证据、实际证据、回答、错误阶段、根因和修复动作。评测报告应分别呈现检索指标和生成指标，避免用一个总分掩盖问题。,10,"[""9baf6e31-0f6e-502c-8ade-4aa84ce4e1a9""]","{""origin_question_id"": ""q_rag_failure_taxonomy_standard"", ""review_status"": ""pending_team_review""}"
aa3b8521-5734-5c94-9fd9-88e470379b32,RAG-SUB-rag_failure_taxonomy,short_answer,3,某团队在“RAG失败类型”环节出现质量下降。请列出至少两个常见根因，并说明何时不应继续增加该环节的复杂度。,常见根因：看到答案错误就盲目更换大模型，可能掩盖真正的检索缺陷；只看Recall@K也无法说明生成是否忠实；只看人工主观评分则难以回归。 适用边界：根因无法确定时，先固定生成模型与提示词，对检索进行离线复现；再固定检索结果检查生成行为，逐段隔离问题。,10,"[""55bf65bb-e4a6-58ed-8909-a34bc8f9c395"", ""10ea6057-0515-523e-8dc0-63e3c144ef37""]","{""origin_question_id"": ""q_rag_failure_taxonomy_advanced"", ""review_status"": ""pending_team_review""}"
b5cd1e89-5c1f-5e86-9104-a410c37257b1,RAG-SUB-knowledge_source_selection,single_choice,1,关于“知识源选择”，以下哪项描述最准确？,B,10,"[""913be86f-aa12-58b9-aece-a840a067a1fc""]","{""origin_question_id"": ""q_knowledge_source_selection_foundation"", ""review_status"": ""pending_team_review""}"
5b0b27c8-c4a0-530e-b78e-5f7431a4f300,RAG-SUB-knowledge_source_selection,short_answer,1,请说明在真实RAG项目中如何落实“知识源选择”，至少给出三个实施要点。,建立来源登记表：source_id、标题、URI或文件标识、版本、发布时间、权限级别、许可说明、审核人和失效日期。导入前先做覆盖映射，确认每个核心知识点至少有可追溯来源。,10,"[""7ca80f17-8fa8-5e7f-875d-f85ab0981f9a""]","{""origin_question_id"": ""q_knowledge_source_selection_standard"", ""review_status"": ""pending_team_review""}"
7f31b695-042a-5c06-b456-6330385cccb4,RAG-SUB-knowledge_source_selection,short_answer,2,某团队在“知识源选择”环节出现质量下降。请列出至少两个常见根因，并说明何时不应继续增加该环节的复杂度。,常见根因：把搜索结果、营销文章和未经审核的聊天记录直接混入正式知识库，会降低权威性；只追求文档数量也会引入重复、冲突和噪声。 适用边界：来源存在冲突时，应定义优先级并保留冲突记录；无法确认授权或真实性的材料只能作为待审核种子，不能用于正式高风险结论。,10,"[""695aa152-c45b-5658-9a30-92171455c6cd"", ""b2796ca4-ca27-5d11-a203-0c8df169ed48""]","{""origin_question_id"": ""q_knowledge_source_selection_advanced"", ""review_status"": ""pending_team_review""}"
b3dca83a-9ba5-5282-badc-7b2c70d46fb1,RAG-SUB-source_authority_provenance,single_choice,1,关于“来源权威性与溯源”，以下哪项描述最准确？,C,10,"[""efe9c728-c907-5adf-996e-b84215ce9f83""]","{""origin_question_id"": ""q_source_authority_provenance_foundation"", ""review_status"": ""pending_team_review""}"
04a9817b-2dde-571b-b4d0-344f0a97f5a3,RAG-SUB-source_authority_provenance,short_answer,2,请说明在真实RAG项目中如何落实“来源权威性与溯源”，至少给出三个实施要点。,片段元数据至少保存source_title、source_uri、source_locator、authority_level和content_hash。生成阶段输出引用编号，审核阶段验证引用存在、内容相关且确实支持结论。,10,"[""1d281baa-ceda-5bbf-a360-ccd5e5fb34f2""]","{""origin_question_id"": ""q_source_authority_provenance_standard"", ""review_status"": ""pending_team_review""}"
57fff30a-c6b9-5f68-9aba-51c3ba0da894,RAG-SUB-source_authority_provenance,short_answer,3,某团队在“来源权威性与溯源”环节出现质量下降。请列出至少两个常见根因，并说明何时不应继续增加该环节的复杂度。,常见根因：只有链接没有版本或段落位置，知识更新后就无法复现；引用一篇相关文档但证据并不支持具体结论，也属于错误引用。 适用边界：对内部保密资料可以隐藏外部URI，但仍需保存内部文档编号和位置；对无法公开的证据，前端可展示受控摘要而非原文。,10,"[""787420c4-da27-5098-b0f6-f4b3d84e596b"", ""5d31e754-e227-5157-8327-9ecfc7fc22d2""]","{""origin_question_id"": ""q_source_authority_provenance_advanced"", ""review_status"": ""pending_team_review""}"
3910cd57-20b0-5403-9119-c0f8a46a31a0,RAG-SUB-versioning_freshness,single_choice,1,关于“版本与时效治理”，以下哪项描述最准确？,D,10,"[""aeb513a8-5c06-5da0-943f-11ec4dae0b5d""]","{""origin_question_id"": ""q_versioning_freshness_foundation"", ""review_status"": ""pending_team_review""}"
a6605411-ec4c-582c-9cf4-edc4096b5aa2,RAG-SUB-versioning_freshness,short_answer,2,请说明在真实RAG项目中如何落实“版本与时效治理”，至少给出三个实施要点。,为来源设置valid_from、valid_to或review_due_at；构建增量更新流程，变更后只重建受影响片段和索引，并运行固定回归集。生产环境保留当前版本和至少一个可回滚版本。,10,"[""7ca24d70-cebb-5b49-b40f-6d53a27c20e0""]","{""origin_question_id"": ""q_versioning_freshness_standard"", ""review_status"": ""pending_team_review""}"
80771b4c-2a23-53be-9d1b-bab5d68f3fd5,RAG-SUB-versioning_freshness,short_answer,3,某团队在“版本与时效治理”环节出现质量下降。请列出至少两个常见根因，并说明何时不应继续增加该环节的复杂度。,常见根因：直接覆盖旧片段会使历史答案无法解释；只看文件修改时间会误判内容时效；索引版本和元数据版本不一致会返回已删除或无权限内容。 适用边界：对时间敏感问题，应在检索阶段加入时间过滤或新鲜度排序；系统不能自动确认的时效内容，应在回答中说明数据截止时间。,10,"[""d724d74a-ea26-5a60-b7df-1cb14b4ece5f"", ""081cb772-a25c-5074-b6cf-d96e0b137fbd""]","{""origin_question_id"": ""q_versioning_freshness_advanced"", ""review_status"": ""pending_team_review""}"
a1ab4f90-d54c-536c-8bc0-f327ebc82598,RAG-SUB-licensing_compliance,single_choice,1,关于“许可与合规”，以下哪项描述最准确？,A,10,"[""295f7439-cb3d-54a7-93cc-05b3cf21d5e1""]","{""origin_question_id"": ""q_licensing_compliance_foundation"", ""review_status"": ""pending_team_review""}"
c72af6fe-6d61-5753-9b52-4510a31bdd19,RAG-SUB-licensing_compliance,short_answer,2,请说明在真实RAG项目中如何落实“许可与合规”，至少给出三个实施要点。,导入流程增加许可确认与敏感信息扫描；对外展示时优先提供短引用和来源定位，避免大段复制；企业资料按租户隔离并记录访问日志。,10,"[""a9b64ad9-e2aa-5033-a2df-452cf06d6ea9""]","{""origin_question_id"": ""q_licensing_compliance_standard"", ""review_status"": ""pending_team_review""}"
7d435eb4-aff1-5d76-aabe-32b7e471fbd6,RAG-SUB-licensing_compliance,short_answer,3,某团队在“许可与合规”环节出现质量下降。请列出至少两个常见根因，并说明何时不应继续增加该环节的复杂度。,常见根因：忽略许可会导致商业化风险；把隐私字段写入向量或日志，可能在检索和调试中泄露；仅靠前端隐藏不能实现真正隔离。 适用边界：无法确认许可的来源只用于内部评测或等待授权，不得标记为企业正式知识；涉及法律、医疗或安全规范时应增加专业审批。,10,"[""4d48d1c8-6981-5b2a-92d6-7f7f5776b747"", ""12676da8-4023-546e-9fa1-3894b4e5c7a6""]","{""origin_question_id"": ""q_licensing_compliance_advanced"", ""review_status"": ""pending_team_review""}"
fc988e84-9262-542b-8e61-c304e74f4a24,RAG-SUB-access_control_tenant_isolation,single_choice,2,关于“权限过滤与多租户隔离”，以下哪项描述最准确？,B,10,"[""9fc6f612-7c0b-5b63-85b5-eea3201856db""]","{""origin_question_id"": ""q_access_control_tenant_isolation_foundation"", ""review_status"": ""pending_team_review""}"
f18ebd58-5a3e-5b36-a345-58af0531c4aa,RAG-SUB-access_control_tenant_isolation,short_answer,3,请说明在真实RAG项目中如何落实“权限过滤与多租户隔离”，至少给出三个实施要点。,服务端从认证上下文获取organization_id，而不是信任客户端提交；数据库可使用行级安全策略，向量检索与关键词检索必须使用同一过滤条件；跨租户测试应进入自动回归。,10,"[""5c12e602-cd9d-552a-88ff-dfece71ecff6""]","{""origin_question_id"": ""q_access_control_tenant_isolation_standard"", ""review_status"": ""pending_team_review""}"
a676ca37-667e-526b-8a04-16de5249f524,RAG-SUB-access_control_tenant_isolation,short_answer,4,某团队在“权限过滤与多租户隔离”环节出现质量下降。请列出至少两个常见根因，并说明何时不应继续增加该环节的复杂度。,常见根因：在一个共享索引中遗漏过滤条件会造成严重串库；把权限信息仅放在提示词中无法阻止模型看到数据；缓存键缺少租户编号也会泄露结果。 适用边界：高敏感场景可采用物理隔离索引或独立部署；共享索引适合成本敏感场景，但必须有强制过滤、审计和越权测试。,10,"[""f243e0f3-c740-5b27-9293-46c504a6ae8f"", ""d7d14bf7-2c46-53a4-aa31-4408c654414b""]","{""origin_question_id"": ""q_access_control_tenant_isolation_advanced"", ""review_status"": ""pending_team_review""}"
d0444611-add6-58a7-84a4-03b0891ad128,RAG-SUB-document_parsing,single_choice,1,关于“文档解析”，以下哪项描述最准确？,C,10,"[""d2bfd211-f937-52dd-98ad-25176b528a02""]","{""origin_question_id"": ""q_document_parsing_foundation"", ""review_status"": ""pending_team_review""}"
db6121a2-6028-5c18-9f51-54d09786eaee,RAG-SUB-document_parsing,short_answer,1,请说明在真实RAG项目中如何落实“文档解析”，至少给出三个实施要点。,为每种格式建立解析器适配层，输出统一中间结构；保存原始文件哈希、解析器版本和解析告警。扫描件需要OCR，但OCR结果应标记置信度并抽样复核。,10,"[""f117a769-bd8f-5c52-9441-9e2c3e8d21f0""]","{""origin_question_id"": ""q_document_parsing_standard"", ""review_status"": ""pending_team_review""}"
e3355679-1f1b-5bcb-97c2-5ec1305945bf,RAG-SUB-document_parsing,short_answer,2,某团队在“文档解析”环节出现质量下降。请列出至少两个常见根因，并说明何时不应继续增加该环节的复杂度。,常见根因：直接按PDF文本顺序读取可能打乱双栏、页眉页脚和表格；解析失败却继续建库，会把乱码和缺失内容变成错误知识。 适用边界：比赛内置知识包可直接交付结构化内容，企业模式再逐步支持原始文档解析；对复杂表格和图纸，应保留人工确认入口。,10,"[""3d396176-3e15-50ab-9262-6db3e4ba0b45"", ""6d05a0de-2794-507d-bf97-6064471512ba""]","{""origin_question_id"": ""q_document_parsing_advanced"", ""review_status"": ""pending_team_review""}"
84b45b1c-da4a-516f-8394-23b4d25b86b1,RAG-SUB-layout_table_extraction,single_choice,1,关于“版面与表格提取”，以下哪项描述最准确？,D,10,"[""41200a5e-9017-5235-9103-96d21741846c""]","{""origin_question_id"": ""q_layout_table_extraction_foundation"", ""review_status"": ""pending_team_review""}"
0fa792b8-ccff-5b71-b25d-cb3e9bf19fa5,RAG-SUB-layout_table_extraction,short_answer,2,请说明在真实RAG项目中如何落实“版面与表格提取”，至少给出三个实施要点。,为表格生成表名、字段名、单位和行键；检索时可以同时保存自然语言摘要与原始结构。代码块需保持缩进和语言标签，图表应保存说明与来源位置。,10,"[""0b862aa5-aa22-5315-9192-292a2d7d7a57""]","{""origin_question_id"": ""q_layout_table_extraction_standard"", ""review_status"": ""pending_team_review""}"
30dd3810-238d-5b0a-8176-596e2bb5ec9f,RAG-SUB-layout_table_extraction,short_answer,3,某团队在“版面与表格提取”环节出现质量下降。请列出至少两个常见根因，并说明何时不应继续增加该环节的复杂度。,常见根因：丢失单位、表头或合并单元格会让生成答案产生严重误差；将每个单元格独立向量化会失去上下文；把代码与说明混排会降低检索精度。 适用边界：高度依赖图像或空间关系的内容仅靠文本RAG不够，应引入多模态解析或把人工生成的结构化说明作为权威来源。,10,"[""fd35149d-6519-54e1-95fc-ead583108c6c"", ""f19dbbdc-ea11-5961-9b1e-e145711c7ac8""]","{""origin_question_id"": ""q_layout_table_extraction_advanced"", ""review_status"": ""pending_team_review""}"
e0b399b0-7a9f-551a-9ffa-fc98590a1c7d,RAG-SUB-text_cleaning_normalization,single_choice,1,关于“文本清洗与规范化”，以下哪项描述最准确？,A,10,"[""7e56d693-00a0-592f-ab46-ada6a2ea938f""]","{""origin_question_id"": ""q_text_cleaning_normalization_foundation"", ""review_status"": ""pending_team_review""}"
856c9b05-1106-5f9b-a7cf-de03c54782ca,RAG-SUB-text_cleaning_normalization,short_answer,1,请说明在真实RAG项目中如何落实“文本清洗与规范化”，至少给出三个实施要点。,先生成原始文本与清洗文本对照，统计字符损失率和异常符号；对日期、全角半角、Unicode和换行做标准化；保留source_locator以便回查。,10,"[""6287d8c6-5c5f-5ba2-97fa-49a31235518f""]","{""origin_question_id"": ""q_text_cleaning_normalization_standard"", ""review_status"": ""pending_team_review""}"
a2c53a41-469b-5b50-97ad-25b7dacd0c4f,RAG-SUB-text_cleaning_normalization,short_answer,2,某团队在“文本清洗与规范化”环节出现质量下降。请列出至少两个常见根因，并说明何时不应继续增加该环节的复杂度。,常见根因：过度清洗会删除负号、版本号、函数名或表格分隔符；不同语言使用同一规则可能破坏分词；清洗后不重新计算哈希会导致版本不一致。 适用边界：对正式规范和代码文档，应采用保守清洗；对论坛或日志可采用更强去噪，但需明确不作为最高权威来源。,10,"[""fb481ca1-c2d0-5044-820f-720ae103e1d0"", ""14a45344-e713-549b-af5f-c7a0d62174f0""]","{""origin_question_id"": ""q_text_cleaning_normalization_advanced"", ""review_status"": ""pending_team_review""}"
38f4119c-57d9-531a-9486-803fab3ae93b,RAG-SUB-deduplication,single_choice,1,关于“内容去重”，以下哪项描述最准确？,B,10,"[""c35ceb04-cdcc-5e38-b8ac-abc9d78d0d2c""]","{""origin_question_id"": ""q_deduplication_foundation"", ""review_status"": ""pending_team_review""}"
b170ae4f-64c3-5d7e-a05b-b0e5bd402df8,RAG-SUB-deduplication,short_answer,2,请说明在真实RAG项目中如何落实“内容去重”，至少给出三个实施要点。,文件级先比较哈希，片段级可使用规范化文本哈希、MinHash或嵌入相似度；保留canonical_chunk_id和duplicate_of关系，而不是直接丢弃所有副本。,10,"[""32121dda-81b1-53bc-82ed-a02a3b36ad01""]","{""origin_question_id"": ""q_deduplication_standard"", ""review_status"": ""pending_team_review""}"
dd67841e-135f-5dfd-ae70-59805d591159,RAG-SUB-deduplication,short_answer,3,某团队在“内容去重”环节出现质量下降。请列出至少两个常见根因，并说明何时不应继续增加该环节的复杂度。,常见根因：仅按相似度删除可能误删不同版本的关键差异；不保留来源映射会破坏溯源；重复阈值过低会把同主题的互补内容合并。 适用边界：多来源一致内容可保留一个主片段并关联多个source_id；法律或制度版本应按版本治理，不能只当作重复文本。,10,"[""f177b8e8-ee10-53fd-8c2a-3300479fe67f"", ""8fbf7c0c-5264-5c6e-9b5b-b7eec318fe35""]","{""origin_question_id"": ""q_deduplication_advanced"", ""review_status"": ""pending_team_review""}"
705e0e5d-c952-5546-8436-c201098f6e39,RAG-SUB-document_quality_checks,single_choice,1,关于“文档质量门禁”，以下哪项描述最准确？,C,10,"[""d1eb2f09-3b3f-5058-a4ea-fc9dbb3776be""]","{""origin_question_id"": ""q_document_quality_checks_foundation"", ""review_status"": ""pending_team_review""}"
cb78c327-87b6-58d7-b781-0bf5c1941e08,RAG-SUB-document_quality_checks,short_answer,2,请说明在真实RAG项目中如何落实“文档质量门禁”，至少给出三个实施要点。,生成machine-readable质量报告，列出阻断问题和警告；抽样对比原文与解析结果；对扫描件、表格密集文档和低置信OCR提高抽样比例。,10,"[""e006724e-f8ab-5826-bb35-f72389012fc3""]","{""origin_question_id"": ""q_document_quality_checks_standard"", ""review_status"": ""pending_team_review""}"
7d87e535-029b-5858-8278-67de364742dc,RAG-SUB-document_quality_checks,short_answer,3,某团队在“文档质量门禁”环节出现质量下降。请列出至少两个常见根因，并说明何时不应继续增加该环节的复杂度。,常见根因：仅判断“文件能打开”不能说明内容可用；把质量分平均后可能掩盖一个严重缺页；没有阻断级别会让低质量数据进入索引。 适用边界：不同文档类型应使用不同阈值；比赛知识包可重点验证结构和引用完整性，企业原始资料还需增加许可与敏感信息检查。,10,"[""626b7b6b-a1c6-50dd-baad-b2f5e73c11b5"", ""aa39e2a8-7b26-53be-8fe5-2fc09a849526""]","{""origin_question_id"": ""q_document_quality_checks_advanced"", ""review_status"": ""pending_team_review""}"
2c4fb581-e58d-5fed-b0d9-0e6a9103bd92,RAG-SUB-chunking_objectives,single_choice,1,关于“文档切分目标”，以下哪项描述最准确？,D,10,"[""4067d39d-233e-5b56-b902-20d151a769f1""]","{""origin_question_id"": ""q_chunking_objectives_foundation"", ""review_status"": ""pending_team_review""}"
3cf505a9-a88e-5f30-a080-e6508355cb5a,RAG-SUB-chunking_objectives,short_answer,1,请说明在真实RAG项目中如何落实“文档切分目标”，至少给出三个实施要点。,先按文档结构形成基础块，再根据模型上下文、查询类型和评测结果调整大小与重叠。记录chunk_strategy、token_count和parent_chunk_id，使用固定查询集比较不同方案。,10,"[""7644f7ba-f058-5eb4-ac51-64d5b3e3bc72""]","{""origin_question_id"": ""q_chunking_objectives_standard"", ""review_status"": ""pending_team_review""}"
a15c5a60-2b53-5846-a57e-ff6d955ad6c9,RAG-SUB-chunking_objectives,short_answer,2,某团队在“文档切分目标”环节出现质量下降。请列出至少两个常见根因，并说明何时不应继续增加该环节的复杂度。,常见根因：盲目使用固定字符数会截断定义、步骤或表格；重叠过大造成重复检索和成本上升；片段过长使相关信息被无关内容稀释。 适用边界：不存在通用最佳长度。合同条款、代码、FAQ和长教程需要不同策略，最终选择必须由检索与生成评测共同决定。,10,"[""c16e5cb0-4034-5d5b-b359-75746740355f"", ""85591441-27ac-5994-9fb1-43d2ab8eef77""]","{""origin_question_id"": ""q_chunking_objectives_advanced"", ""review_status"": ""pending_team_review""}"
6e20214c-960b-5fbb-a74b-f5e554278355,RAG-SUB-fixed_window_chunking,single_choice,1,关于“固定窗口切分”，以下哪项描述最准确？,A,10,"[""ee46d48c-e991-5c18-97e4-f0f96409f900""]","{""origin_question_id"": ""q_fixed_window_chunking_foundation"", ""review_status"": ""pending_team_review""}"
6c6291e8-03d5-550b-8101-4ee989a27e47,RAG-SUB-fixed_window_chunking,short_answer,1,请说明在真实RAG项目中如何落实“固定窗口切分”，至少给出三个实施要点。,工程上应以Token而非字符估计模型上下文成本；保存chunk_start、chunk_end和overlap_size；先用多个窗口大小做离线对比。,10,"[""c66e4478-8269-55a1-88bb-f273ea4f3527""]","{""origin_question_id"": ""q_fixed_window_chunking_standard"", ""review_status"": ""pending_team_review""}"
4135c366-1e15-5649-be18-269edd619e86,RAG-SUB-fixed_window_chunking,short_answer,2,某团队在“固定窗口切分”环节出现质量下降。请列出至少两个常见根因，并说明何时不应继续增加该环节的复杂度。,常见根因：固定窗口不理解标题、句子和代码边界，可能把步骤或定义切断。中文字符与Token比例也随模型变化，不能用固定经验值代替测量。 适用边界：适合结构弱、内容较均匀的文本和快速基线；对表格、代码、制度条款或层级文档，通常应使用结构感知方案。,10,"[""2c58c043-5fbc-5ea0-8f4a-42b4f6b274c3"", ""c9c16520-de99-5e5f-bcda-f7900eb6e1dd""]","{""origin_question_id"": ""q_fixed_window_chunking_advanced"", ""review_status"": ""pending_team_review""}"
9b471d40-e0cb-5f21-9fd9-042bfa36cd6d,RAG-SUB-structure_aware_chunking,single_choice,1,关于“结构感知切分”，以下哪项描述最准确？,B,10,"[""4d6a04e6-90c0-5d11-8138-13af2a13df74""]","{""origin_question_id"": ""q_structure_aware_chunking_foundation"", ""review_status"": ""pending_team_review""}"
d3aabd36-0837-5eac-b138-1bfe3214ada1,RAG-SUB-structure_aware_chunking,short_answer,2,请说明在真实RAG项目中如何落实“结构感知切分”，至少给出三个实施要点。,解析器先输出文档树，再按节点大小合并或拆分；标题路径加入metadata或上下文前缀；表格和代码块原则上保持完整。,10,"[""8115ec5d-4779-54b2-8ba6-802c8c51309c""]","{""origin_question_id"": ""q_structure_aware_chunking_standard"", ""review_status"": ""pending_team_review""}"
fcabcfd6-c81d-58d1-bc47-7e04ee7c26aa,RAG-SUB-structure_aware_chunking,short_answer,3,某团队在“结构感知切分”环节出现质量下降。请列出至少两个常见根因，并说明何时不应继续增加该环节的复杂度。,常见根因：标题解析错误会放大到所有片段；只按标题切分可能产生极短或超长块；将标题重复写入正文会增加索引噪声。 适用边界：对结构清晰的手册、课程、API文档和制度文件优先采用；对无结构聊天记录可退回语义或窗口切分。,10,"[""105da82a-66e2-56e1-8c42-a4e59f9f39eb"", ""e8fc7d18-2253-537a-8aa4-cf068546aa0c""]","{""origin_question_id"": ""q_structure_aware_chunking_advanced"", ""review_status"": ""pending_team_review""}"
b31de978-9e3f-5c79-b1ce-566091705602,RAG-SUB-semantic_chunking,single_choice,2,关于“语义切分”，以下哪项描述最准确？,C,10,"[""0c4a1fc0-f7b7-5938-ac59-3480504d9884""]","{""origin_question_id"": ""q_semantic_chunking_foundation"", ""review_status"": ""pending_team_review""}"
44dc429d-7aa4-550f-a6bd-d91343735716,RAG-SUB-semantic_chunking,short_answer,3,请说明在真实RAG项目中如何落实“语义切分”，至少给出三个实施要点。,先分句并生成局部嵌入，使用阈值或聚类寻找边界；必须设置长度上下限和结构保护规则，并在目标查询集上验证收益。,10,"[""fa8e1b86-4686-5dc5-8ccb-5ba10670f1b4""]","{""origin_question_id"": ""q_semantic_chunking_standard"", ""review_status"": ""pending_team_review""}"
0cd374ef-c4dd-5167-84c0-f50017b4566f,RAG-SUB-semantic_chunking,short_answer,4,某团队在“语义切分”环节出现质量下降。请列出至少两个常见根因，并说明何时不应继续增加该环节的复杂度。,常见根因：阈值对领域和模型敏感；计算成本高；对短句、列表和代码语义不稳定；如果缺少结构约束，可能生成大小极不均匀的片段。 适用边界：适合主题连续但标题稀疏的长文本。若结构感知切分已表现良好，不应仅为“高级”而引入语义切分。,10,"[""f15cc804-34cf-5c32-b764-94757bc0721b"", ""4d7a7938-f641-5e61-a3b8-6f3e47b089a7""]","{""origin_question_id"": ""q_semantic_chunking_advanced"", ""review_status"": ""pending_team_review""}"
32c1a59b-4605-58e6-9d19-f1b85d4812f9,RAG-SUB-parent_child_multigranular,single_choice,2,关于“父子与多粒度检索”，以下哪项描述最准确？,D,10,"[""d1c1f809-fc4e-5e82-97fd-1cda7d936fb8""]","{""origin_question_id"": ""q_parent_child_multigranular_foundation"", ""review_status"": ""pending_team_review""}"
e2585c92-77c2-5049-873f-19193ae51a64,RAG-SUB-parent_child_multigranular,short_answer,3,请说明在真实RAG项目中如何落实“父子与多粒度检索”，至少给出三个实施要点。,为每个子块保存parent_chunk_id和section_path；检索命中子块后按去重规则扩展父块；控制扩展后的Token预算并保留命中位置。,10,"[""acee56b3-5866-5cd3-b440-c1336cf66b10""]","{""origin_question_id"": ""q_parent_child_multigranular_standard"", ""review_status"": ""pending_team_review""}"
ecc9417b-d0f3-5704-8f6a-bb88955a86a1,RAG-SUB-parent_child_multigranular,short_answer,4,某团队在“父子与多粒度检索”环节出现质量下降。请列出至少两个常见根因，并说明何时不应继续增加该环节的复杂度。,常见根因：无条件返回整个父块会挤占上下文；多个子块映射到同一父块时若不去重会重复；父块更新但子块未重建会产生版本错配。 适用边界：适合需要精确定位但答案依赖上下文的手册、长教程和法规。短FAQ库通常不需要复杂父子结构。,10,"[""587e4bbe-396e-583f-baa4-ebece23d05b2"", ""6cd4b375-cf46-540a-ad55-84151430be3a""]","{""origin_question_id"": ""q_parent_child_multigranular_advanced"", ""review_status"": ""pending_team_review""}"
240c5ae2-d4cf-5b0b-9d26-c645816d71ab,RAG-SUB-metadata_schema,single_choice,1,关于“元数据Schema设计”，以下哪项描述最准确？,A,10,"[""51d0e527-641c-54bf-abd7-932e4a7b6911""]","{""origin_question_id"": ""q_metadata_schema_foundation"", ""review_status"": ""pending_team_review""}"
2370aa1f-e7db-5292-a0ca-df883529fb31,RAG-SUB-metadata_schema,short_answer,2,请说明在真实RAG项目中如何落实“元数据Schema设计”，至少给出三个实施要点。,字段应有统一类型、枚举和缺省规则；在向量库、关键词索引和数据库之间保持一致；为高频过滤字段建立索引，并在契约中冻结跨模块名称。,10,"[""413e5128-75be-59f9-bb78-08db052bc10c""]","{""origin_question_id"": ""q_metadata_schema_standard"", ""review_status"": ""pending_team_review""}"
4c422d2a-8988-5fee-9ec0-36b0dcd756e2,RAG-SUB-metadata_schema,short_answer,3,某团队在“元数据Schema设计”环节出现质量下降。请列出至少两个常见根因，并说明何时不应继续增加该环节的复杂度。,常见根因：自由文本标签会产生同义词和拼写漂移；遗漏版本或权限字段会破坏复现与隔离；把所有元数据都塞入向量文本会降低语义质量。 适用边界：只保存业务确实使用的字段，避免过度建模；敏感元数据不应直接展示给终端用户。,10,"[""85aaf6fd-417a-594b-be3d-6352e6f3571c"", ""e0055a2a-fd23-513c-9714-809ad86b64ab""]","{""origin_question_id"": ""q_metadata_schema_advanced"", ""review_status"": ""pending_team_review""}"
f10175ac-18aa-5a7c-ac05-16a8a974a53a,RAG-SUB-embedding_fundamentals,single_choice,1,关于“文本嵌入基础”，以下哪项描述最准确？,B,10,"[""6e015c9b-8abd-5ebf-9056-5571eb2498be""]","{""origin_question_id"": ""q_embedding_fundamentals_foundation"", ""review_status"": ""pending_team_review""}"
224f2204-6699-57ef-95fe-6debd51ddbd7,RAG-SUB-embedding_fundamentals,short_answer,2,请说明在真实RAG项目中如何落实“文本嵌入基础”，至少给出三个实施要点。,分别编码query与passage时要使用模型推荐前缀或任务类型；固定模型名称、维度和归一化设置；索引与查询必须使用兼容编码器。,10,"[""62776882-bccb-5e7b-83d3-2c0e30b649f6""]","{""origin_question_id"": ""q_embedding_fundamentals_standard"", ""review_status"": ""pending_team_review""}"
8b22b41b-047f-52e4-a4e9-0b83e3955c8d,RAG-SUB-embedding_fundamentals,short_answer,3,某团队在“文本嵌入基础”环节出现质量下降。请列出至少两个常见根因，并说明何时不应继续增加该环节的复杂度。,常见根因：不同模型向量不能混用；只看维度不能判断质量；语义近并不总等于能回答问题，尤其是编号、代码和精确术语。 适用边界：嵌入是候选召回手段而非事实验证器。高风险答案仍需重排、证据检查和生成审核。,10,"[""492dde01-4d39-55fc-9e7d-b18b9ab64ef9"", ""5123e9ce-56c8-5ac5-a84b-928618f7adf3""]","{""origin_question_id"": ""q_embedding_fundamentals_advanced"", ""review_status"": ""pending_team_review""}"
91d60125-292e-5918-a255-696bd288c3dd,RAG-SUB-embedding_model_selection,single_choice,2,关于“嵌入模型选择”，以下哪项描述最准确？,C,10,"[""34c0f02c-aa2a-5b12-a506-1a7dbf53cb3e""]","{""origin_question_id"": ""q_embedding_model_selection_foundation"", ""review_status"": ""pending_team_review""}"
0ec6a70e-a264-5911-acd1-3a300c8df247,RAG-SUB-embedding_model_selection,short_answer,3,请说明在真实RAG项目中如何落实“嵌入模型选择”，至少给出三个实施要点。,建立小规模A/B：同一语料、同一切分和索引，比较Recall@K、MRR、延迟、存储和成本；对中文和中英混合查询单独统计。,10,"[""1332fae7-d5a5-504d-95da-f7cd050002d3""]","{""origin_question_id"": ""q_embedding_model_selection_standard"", ""review_status"": ""pending_team_review""}"
78a61c08-e0c6-5eda-bab0-38a129f660e9,RAG-SUB-embedding_model_selection,short_answer,4,某团队在“嵌入模型选择”环节出现质量下降。请列出至少两个常见根因，并说明何时不应继续增加该环节的复杂度。,常见根因：只选排行榜第一名可能在本领域退化；更高维度增加存储但不保证更好；模型升级未重建索引会导致查询与文档向量不兼容。 适用边界：比赛原型可选一个稳定多语模型作为基线，商业部署再根据数据与隐私决定API或本地模型。,10,"[""b7580c5b-172c-553a-9db9-a61bed1867d7"", ""30466237-62fa-5603-82ce-dccb3c50c871""]","{""origin_question_id"": ""q_embedding_model_selection_advanced"", ""review_status"": ""pending_team_review""}"
7e1f972d-f172-51a9-84a7-7baf766e607b,RAG-SUB-similarity_metrics,single_choice,1,关于“向量相似度与归一化”，以下哪项描述最准确？,D,10,"[""ba70f2e7-dcbf-507d-bf6b-fc14b8893f58""]","{""origin_question_id"": ""q_similarity_metrics_foundation"", ""review_status"": ""pending_team_review""}"
69c0ef48-9344-537c-aff4-3c2e2d9ba183,RAG-SUB-similarity_metrics,short_answer,2,请说明在真实RAG项目中如何落实“向量相似度与归一化”，至少给出三个实施要点。,在建库时记录normalization与distance_metric；用已知正负样本检查分数分布；不要跨不同指标直接复用阈值。,10,"[""ab0bd4d9-1956-5ed3-9225-7a1b302dde12""]","{""origin_question_id"": ""q_similarity_metrics_standard"", ""review_status"": ""pending_team_review""}"
75b903db-bc80-5302-b7c6-f215fc340c02,RAG-SUB-similarity_metrics,short_answer,3,某团队在“向量相似度与归一化”环节出现质量下降。请列出至少两个常见根因，并说明何时不应继续增加该环节的复杂度。,常见根因：归一化设置不一致会造成线上召回异常；把相似度分数当概率会误设阈值；不同查询类型的分数分布也可能不同。 适用边界：排序优先使用相对名次，拒答阈值需要在标注数据上校准；没有校准时不能声称某个固定分数代表“可信”。,10,"[""2ba5b086-4f1d-5527-90d7-b53b07833de3"", ""ce43f37c-29a9-5035-8b56-ad2f475b48d5""]","{""origin_question_id"": ""q_similarity_metrics_advanced"", ""review_status"": ""pending_team_review""}"
a3a48726-b4ed-5a65-875f-7091ebc1510f,RAG-SUB-vector_index_hnsw_ivf,single_choice,2,关于“向量索引与近似最近邻”，以下哪项描述最准确？,A,10,"[""bddadf61-d678-53b4-bf37-809d70da3c45""]","{""origin_question_id"": ""q_vector_index_hnsw_ivf_foundation"", ""review_status"": ""pending_team_review""}"
4a6deb04-a28d-5259-adec-b3eabaf2d34d,RAG-SUB-vector_index_hnsw_ivf,short_answer,3,请说明在真实RAG项目中如何落实“向量索引与近似最近邻”，至少给出三个实施要点。,用固定查询集测量Recall@K、P95延迟、索引构建时间和内存；分别调节HNSW的构建/搜索参数或IVF的探测数量；保留精确搜索作为上限对照。,10,"[""457099e3-4745-5b97-911b-bd198511670d""]","{""origin_question_id"": ""q_vector_index_hnsw_ivf_standard"", ""review_status"": ""pending_team_review""}"
49482575-6736-507b-909b-6b79b971f50f,RAG-SUB-vector_index_hnsw_ivf,short_answer,4,某团队在“向量索引与近似最近邻”环节出现质量下降。请列出至少两个常见根因，并说明何时不应继续增加该环节的复杂度。,常见根因：只测延迟不测召回会得到“快但错”的索引；索引参数从样例数据复制到生产规模可能失效；删除和增量更新策略也需验证。 适用边界：数据量较小时优先简单精确方案；规模增长后再采用ANN。索引选择还受过滤条件、更新频率和部署平台影响。,10,"[""5a5a3785-a6ad-518c-bad3-8f1246ac057a"", ""88bd51c1-6ab5-57eb-9262-0cc91199b416""]","{""origin_question_id"": ""q_vector_index_hnsw_ivf_advanced"", ""review_status"": ""pending_team_review""}"
77a589e1-8911-5f5f-a639-3bdff83228c9,RAG-SUB-bm25_sparse_retrieval,single_choice,1,关于“BM25与稀疏检索”，以下哪项描述最准确？,B,10,"[""4f5df64c-3c90-5305-bde9-10f52c86d299""]","{""origin_question_id"": ""q_bm25_sparse_retrieval_foundation"", ""review_status"": ""pending_team_review""}"
ead8c724-dc44-5757-9595-6081d4bf2abf,RAG-SUB-bm25_sparse_retrieval,short_answer,2,请说明在真实RAG项目中如何落实“BM25与稀疏检索”，至少给出三个实施要点。,建立合适分词、停用词和字段权重；标题、代码和正文可使用不同权重；记录BM25分数但不要把它直接与向量分数相加，除非经过归一化或融合。,10,"[""7d2f4659-e097-5407-8ee7-13f4bbd037e0""]","{""origin_question_id"": ""q_bm25_sparse_retrieval_standard"", ""review_status"": ""pending_team_review""}"
2ddd8086-cdc7-58d6-8061-7b71204bfd6b,RAG-SUB-bm25_sparse_retrieval,short_answer,3,某团队在“BM25与稀疏检索”环节出现质量下降。请列出至少两个常见根因，并说明何时不应继续增加该环节的复杂度。,常见根因：中文分词错误会破坏召回；过度停用会删除有意义短词；仅靠BM25难以处理同义表达和语义改写。 适用边界：即使最终采用混合检索，也应保留BM25基线，用于判断复杂模型是否真正带来收益。,10,"[""1bd0a3a2-1fd4-5915-991f-ff16b7d58458"", ""e97871ac-4269-5490-8d11-ce83f9e33649""]","{""origin_question_id"": ""q_bm25_sparse_retrieval_advanced"", ""review_status"": ""pending_team_review""}"
c94c2028-a743-55d6-9a39-a14b36dd236c,RAG-SUB-dense_retrieval,single_choice,1,关于“稠密语义检索”，以下哪项描述最准确？,C,10,"[""11208469-b4a2-50c5-8490-f115ad815da1""]","{""origin_question_id"": ""q_dense_retrieval_foundation"", ""review_status"": ""pending_team_review""}"
1f12094c-b2e4-5ab9-aed6-cc7e13f17908,RAG-SUB-dense_retrieval,short_answer,2,请说明在真实RAG项目中如何落实“稠密语义检索”，至少给出三个实施要点。,离线批量生成文档向量，在线编码查询并执行top_k搜索；保存模型版本和索引版本；对正例、难负例和无答案查询分别评测。,10,"[""cbc34a4e-b21a-551f-978b-fe222556a88d""]","{""origin_question_id"": ""q_dense_retrieval_standard"", ""review_status"": ""pending_team_review""}"
fca95e14-b4a6-5ba1-9390-951224be027d,RAG-SUB-dense_retrieval,short_answer,3,某团队在“稠密语义检索”环节出现质量下降。请列出至少两个常见根因，并说明何时不应继续增加该环节的复杂度。,常见根因：语义相似不等于事实可回答；短编号和拼写变体可能被忽略；域外查询可能召回主题相关但答案错误的片段。 适用边界：稠密检索适合自然语言查询，但不应默认替代稀疏检索；实际系统通常需要混合和重排。,10,"[""f876e22b-6a34-5c7a-b548-4aec090e952c"", ""c42c1b54-c474-53e6-b732-9d09c613c032""]","{""origin_question_id"": ""q_dense_retrieval_advanced"", ""review_status"": ""pending_team_review""}"
a58d8e0d-b6bf-51cd-ae6a-17ea5b9d7588,RAG-SUB-hybrid_retrieval,single_choice,2,关于“混合检索”，以下哪项描述最准确？,D,10,"[""2f42aa46-8a49-5b27-a6a3-8c94ccd224d4""]","{""origin_question_id"": ""q_hybrid_retrieval_foundation"", ""review_status"": ""pending_team_review""}"
c8f79d12-fe2f-574d-bed6-857feef6993f,RAG-SUB-hybrid_retrieval,short_answer,3,请说明在真实RAG项目中如何落实“混合检索”，至少给出三个实施要点。,分别运行BM25与向量检索，保留各自top_k和通道信息；先用RRF建立稳定基线，再通过标注查询调整权重；融合后仍需去重和重排。,10,"[""3662d914-79e9-5eb5-8a6f-5a0dba032943""]","{""origin_question_id"": ""q_hybrid_retrieval_standard"", ""review_status"": ""pending_team_review""}"
c61eed3a-01f2-5700-8fce-43aa72ab9ee1,RAG-SUB-hybrid_retrieval,short_answer,4,某团队在“混合检索”环节出现质量下降。请列出至少两个常见根因，并说明何时不应继续增加该环节的复杂度。,常见根因：直接相加不同尺度分数会产生偏置；固定权重可能只适合某类查询；两个通道都返回同一错误来源时，融合不会自动纠正。 适用边界：混合检索适合企业文档、代码和术语混合场景。语料很小或查询单一时，复杂融合可能没有明显收益。,10,"[""d7c8127e-48af-5ad2-a366-eb292b7538de"", ""95ae7cfe-35f8-5643-b725-fe82975525cd""]","{""origin_question_id"": ""q_hybrid_retrieval_advanced"", ""review_status"": ""pending_team_review""}"
d15ba298-b912-5ea6-b0ce-7873c6d1c375,RAG-SUB-metadata_filtering,single_choice,1,关于“元数据过滤”，以下哪项描述最准确？,A,10,"[""41e50c8a-74f6-5e0d-86e1-c125e49e0c56""]","{""origin_question_id"": ""q_metadata_filtering_foundation"", ""review_status"": ""pending_team_review""}"
6de83bc1-0884-517f-9a12-07f7699fe98c,RAG-SUB-metadata_filtering,short_answer,2,请说明在真实RAG项目中如何落实“元数据过滤”，至少给出三个实施要点。,服务端生成过滤表达式并做白名单校验；向量与关键词通道使用一致过滤；统计过滤前后候选数量，避免过严条件导致空结果。,10,"[""e91645d8-90b2-59c8-a7d2-a976e7f2332a""]","{""origin_question_id"": ""q_metadata_filtering_standard"", ""review_status"": ""pending_team_review""}"
191dd85a-a35c-5b40-9132-7100a7dc2745,RAG-SUB-metadata_filtering,short_answer,3,某团队在“元数据过滤”环节出现质量下降。请列出至少两个常见根因，并说明何时不应继续增加该环节的复杂度。,常见根因：把用户自由文本直接拼接到过滤语句会引入注入风险；索引不支持高效过滤时会造成性能下降；标签缺失会让正确内容被排除。 适用边界：软偏好可作为重排特征，权限和版本必须作为硬过滤。空结果时应回退或提示，而不是取消权限条件。,10,"[""70a68260-3d53-5a86-81a6-b127c6f0bc97"", ""72357e32-bce1-5443-aba1-d729a2905116""]","{""origin_question_id"": ""q_metadata_filtering_advanced"", ""review_status"": ""pending_team_review""}"
b0099d8a-e693-5ce6-864b-d7f8a9793522,RAG-SUB-multi_query_expansion,single_choice,2,关于“多查询与查询扩展”，以下哪项描述最准确？,B,10,"[""ff424ac9-b28a-5866-bee5-a9076996b9e6""]","{""origin_question_id"": ""q_multi_query_expansion_foundation"", ""review_status"": ""pending_team_review""}"
a6a6b527-67e1-5a6c-b341-184e2a53b450,RAG-SUB-multi_query_expansion,short_answer,3,请说明在真实RAG项目中如何落实“多查询与查询扩展”，至少给出三个实施要点。,限制查询数量并记录原查询与派生查询；对每个查询独立检索，使用RRF或去重融合；对派生查询进行安全和范围校验。,10,"[""efff2d2d-6d6e-53d1-b90a-09bb2c094fac""]","{""origin_question_id"": ""q_multi_query_expansion_standard"", ""review_status"": ""pending_team_review""}"
175a82a6-6b6d-5a38-8358-4270913c8de1,RAG-SUB-multi_query_expansion,short_answer,4,某团队在“多查询与查询扩展”环节出现质量下降。请列出至少两个常见根因，并说明何时不应继续增加该环节的复杂度。,常见根因：过多查询会放大延迟与噪声；模型可能错误扩展概念；如果把生成的假设答案当作事实，会引入幻觉。 适用边界：只在长问题、歧义问题或基线召回不足时启用。精确编号查询通常不需要扩展。,10,"[""0a9529ca-d086-5348-b75c-60990ec69fb6"", ""0c821695-4b31-58cf-b547-dee77b9ea79d""]","{""origin_question_id"": ""q_multi_query_expansion_advanced"", ""review_status"": ""pending_team_review""}"
1b771bfd-f267-548e-b387-8774be21847c,RAG-SUB-query_rewriting,single_choice,1,关于“查询改写”，以下哪项描述最准确？,C,10,"[""01c2c0a0-25c5-5257-ab4d-0e7f9c2755fc""]","{""origin_question_id"": ""q_query_rewriting_foundation"", ""review_status"": ""pending_team_review""}"
e1a5ad26-af39-5871-a97b-49f7af047f19,RAG-SUB-query_rewriting,short_answer,2,请说明在真实RAG项目中如何落实“查询改写”，至少给出三个实施要点。,输入原问题、必要会话摘要和允许的领域词典，输出standalone_query、keywords和filters；保存原查询用于审计，并在评测中比较改写前后召回。,10,"[""f1dc1dcb-21f3-5ab4-af52-68fc65dc9ac8""]","{""origin_question_id"": ""q_query_rewriting_standard"", ""review_status"": ""pending_team_review""}"
7864ebbd-b4ee-524d-846b-733642984426,RAG-SUB-query_rewriting,short_answer,3,某团队在“查询改写”环节出现质量下降。请列出至少两个常见根因，并说明何时不应继续增加该环节的复杂度。,常见根因：过度改写会改变问题；将模型猜测的产品或版本写入查询会误导检索；携带过多历史对话会引入无关信息。 适用边界：精确错误码、文件名和短关键词通常直接检索更好；改写模型置信度低时应保留原查询并并行检索。,10,"[""0c2556ea-a6a8-5dfd-bf97-0fb37b08859a"", ""94899ccb-67b2-577b-898c-1bdc3c2e45e9""]","{""origin_question_id"": ""q_query_rewriting_advanced"", ""review_status"": ""pending_team_review""}"
edf63531-4019-5be7-b899-879f8444a90a,RAG-SUB-hyde_retrieval,single_choice,3,关于“HyDE假设文档检索”，以下哪项描述最准确？,D,10,"[""ef80789d-3da8-5ca4-9a76-6144c09a5b22""]","{""origin_question_id"": ""q_hyde_retrieval_foundation"", ""review_status"": ""pending_team_review""}"
411b83af-890a-5857-ab10-a34e988f92ea,RAG-SUB-hyde_retrieval,short_answer,4,请说明在真实RAG项目中如何落实“HyDE假设文档检索”，至少给出三个实施要点。,保存hypothetical_document并仅用于向量检索；与原查询检索并行，合并后由真实证据和重排决定候选；必须禁止直接引用假设文本。,10,"[""0a89033f-a9ca-5295-9568-963b80348de3""]","{""origin_question_id"": ""q_hyde_retrieval_standard"", ""review_status"": ""pending_team_review""}"
3dbea21a-5daa-5b38-af14-24e515093b5e,RAG-SUB-hyde_retrieval,short_answer,5,某团队在“HyDE假设文档检索”环节出现质量下降。请列出至少两个常见根因，并说明何时不应继续增加该环节的复杂度。,常见根因：假设文档可能带偏检索，尤其在领域术语不熟或问题含错误前提时；生成成本和延迟也更高。 适用边界：适合零样本语义检索困难且有强生成模型的场景。已有高质量领域嵌入或精确查询时不一定需要。,10,"[""79acd5d0-18fc-5bd8-8453-5529afc30f6a"", ""621a93d8-d0e1-57fe-8042-f40f43f68f6a""]","{""origin_question_id"": ""q_hyde_retrieval_advanced"", ""review_status"": ""pending_team_review""}"
ebbe2ae2-9c69-5b36-a46a-68936cac67e7,RAG-SUB-cross_encoder_reranking,single_choice,2,关于“交叉编码器重排序”，以下哪项描述最准确？,A,10,"[""1dfc8e3d-18a8-53ac-9022-7d1e417d0781""]","{""origin_question_id"": ""q_cross_encoder_reranking_foundation"", ""review_status"": ""pending_team_review""}"
af0acc59-d767-59ca-8581-c5650bfd7f09,RAG-SUB-cross_encoder_reranking,short_answer,3,请说明在真实RAG项目中如何落实“交叉编码器重排序”，至少给出三个实施要点。,先召回20至100个候选，再批量重排到最终top_n；在目标语种和领域上评测；记录reranker_model_version与重排分数。,10,"[""ee5fecde-7346-5991-9fd9-9046795965a7""]","{""origin_question_id"": ""q_cross_encoder_reranking_standard"", ""review_status"": ""pending_team_review""}"
c7d97880-20e8-5e2c-950d-c7bd2833086e,RAG-SUB-cross_encoder_reranking,short_answer,4,某团队在“交叉编码器重排序”环节出现质量下降。请列出至少两个常见根因，并说明何时不应继续增加该环节的复杂度。,常见根因：候选阶段没有召回正确证据，重排无法补救；候选太多会增加延迟；分数阈值需要校准，不能当成事实可信度。 适用边界：高价值问答和证据要求严格的场景优先使用；极低延迟或大批量查询可只在困难查询上启用。,10,"[""8e7ff60a-1868-5e5d-9f71-d501eb80d55f"", ""219f7f40-9a10-5dc2-b7b2-b974f1a5a807""]","{""origin_question_id"": ""q_cross_encoder_reranking_advanced"", ""review_status"": ""pending_team_review""}"
b010b9e5-43c6-5df4-aa72-96d5e494f63c,RAG-SUB-colbert_late_interaction,single_choice,3,关于“ColBERT晚交互检索”，以下哪项描述最准确？,B,10,"[""9cf7d110-ca05-52b6-8f9c-14d194b5c408""]","{""origin_question_id"": ""q_colbert_late_interaction_foundation"", ""review_status"": ""pending_team_review""}"
5a297b86-e255-5786-9116-ab11430f190c,RAG-SUB-colbert_late_interaction,short_answer,4,请说明在真实RAG项目中如何落实“ColBERT晚交互检索”，至少给出三个实施要点。,评估索引体积、查询延迟和召回收益；对长文档需要合理切分；与BM25和单向量基线在同一数据集比较。,10,"[""f06565e1-0635-5e2f-948a-ca7b094ca46e""]","{""origin_question_id"": ""q_colbert_late_interaction_standard"", ""review_status"": ""pending_team_review""}"
bb355fec-0e1e-5674-b61b-9c06b9311360,RAG-SUB-colbert_late_interaction,short_answer,5,某团队在“ColBERT晚交互检索”环节出现质量下降。请列出至少两个常见根因，并说明何时不应继续增加该环节的复杂度。,常见根因：Token级索引存储较大，部署复杂度高；如果训练语料与业务领域差异大，细粒度能力也不保证有效。 适用边界：适合需要高召回且可接受更高索引成本的检索系统；小规模比赛原型不是必选项。,10,"[""f84ebaa8-5957-5ebe-a6d1-e2297ddd9c84"", ""29cfadaf-374a-5495-9bbb-3d7d259da2e5""]","{""origin_question_id"": ""q_colbert_late_interaction_advanced"", ""review_status"": ""pending_team_review""}"
01f4e16b-c70b-5051-bc05-cc2e067f97bc,RAG-SUB-diversity_mmr,single_choice,2,关于“MMR多样性选择”，以下哪项描述最准确？,C,10,"[""62affb3a-f1a1-5a9e-8618-0689ae25c096""]","{""origin_question_id"": ""q_diversity_mmr_foundation"", ""review_status"": ""pending_team_review""}"
43a6d01c-b1a9-5f65-9b52-82ead9fa438a,RAG-SUB-diversity_mmr,short_answer,3,请说明在真实RAG项目中如何落实“MMR多样性选择”，至少给出三个实施要点。,在重排后的候选上应用MMR，调节相关性与多样性权重；先进行权限过滤与来源去重；记录被多样性规则排除的候选。,10,"[""f741a4ac-f576-5d2f-9b12-16795041563e""]","{""origin_question_id"": ""q_diversity_mmr_standard"", ""review_status"": ""pending_team_review""}"
ef237d1b-9d09-54c0-8b54-9ff47ca9149f,RAG-SUB-diversity_mmr,short_answer,4,某团队在“MMR多样性选择”环节出现质量下降。请列出至少两个常见根因，并说明何时不应继续增加该环节的复杂度。,常见根因：多样性权重过高会牺牲最相关证据；对需要多个相邻条款的问题，过度去重可能丢失完整上下文。 适用边界：适合多来源知识和概览型问题。对单一明确事实，应以相关性和权威性为主。,10,"[""d41de4ee-abc5-54e4-9e6a-fbe79a2c5e39"", ""97d9fa53-a53a-5aec-9c46-bb9d340778d0""]","{""origin_question_id"": ""q_diversity_mmr_advanced"", ""review_status"": ""pending_team_review""}"
f17aa356-6dd0-5a27-81df-b178530a6ee9,RAG-SUB-rank_fusion_rrf,single_choice,2,关于“RRF名次融合”，以下哪项描述最准确？,D,10,"[""828582a0-a278-50b6-a839-7995909f0e9d""]","{""origin_question_id"": ""q_rank_fusion_rrf_foundation"", ""review_status"": ""pending_team_review""}"
0b4119bb-426f-5343-b1f8-769524926176,RAG-SUB-rank_fusion_rrf,short_answer,3,请说明在真实RAG项目中如何落实“RRF名次融合”，至少给出三个实施要点。,为每个通道保留足够候选，使用固定rank_constant计算融合，按chunk_id去重；在不同查询类型上比较融合前后Recall与MRR。,10,"[""cdcbf128-38e9-561f-87dc-53729d83e34c""]","{""origin_question_id"": ""q_rank_fusion_rrf_standard"", ""review_status"": ""pending_team_review""}"
773b7f2d-8be4-5ddf-8a8a-8807fc3a40f5,RAG-SUB-rank_fusion_rrf,short_answer,4,某团队在“RRF名次融合”环节出现质量下降。请列出至少两个常见根因，并说明何时不应继续增加该环节的复杂度。,常见根因：RRF不利用原始置信度，弱通道也可能贡献排名；候选深度过小会错过互补结果；同一来源重复片段会虚增优势。 适用边界：适合先建立可靠混合基线。若有大量标注数据，可进一步学习融合权重，但必须保留可解释对照。,10,"[""4a159657-f71e-59ec-b621-be7f110fc35f"", ""d1457d2f-0ac4-5e66-b20d-d552f39cb804""]","{""origin_question_id"": ""q_rank_fusion_rrf_advanced"", ""review_status"": ""pending_team_review""}"
c7729a18-f1a8-55b4-b40d-eb27d57ff147,RAG-SUB-context_selection_budget,single_choice,2,关于“上下文选择与Token预算”，以下哪项描述最准确？,A,10,"[""81e2d927-b67b-5f17-bf12-61acad55a854""]","{""origin_question_id"": ""q_context_selection_budget_foundation"", ""review_status"": ""pending_team_review""}"
b6f0e231-3501-55a5-9c50-ea2019338ba8,RAG-SUB-context_selection_budget,short_answer,3,请说明在真实RAG项目中如何落实“上下文选择与Token预算”，至少给出三个实施要点。,先过滤低权威和重复候选，再按预算选取；为每段添加稳定引用编号和简短标题；保留问题、任务规则和证据之间清晰分隔。,10,"[""4c953d28-62f4-5d25-b824-80755df795f0""]","{""origin_question_id"": ""q_context_selection_budget_standard"", ""review_status"": ""pending_team_review""}"
f265fd46-9df4-5a29-869c-803e809a675a,RAG-SUB-context_selection_budget,short_answer,4,某团队在“上下文选择与Token预算”环节出现质量下降。请列出至少两个常见根因，并说明何时不应继续增加该环节的复杂度。,常见根因：片段越多不一定越好，噪声会干扰模型；只按相似度选取可能缺少关键约束；截断时如果从末尾直接裁剪会破坏完整证据。 适用边界：高风险任务应减少证据数量并提高质量；综合报告可以使用分步摘要或多轮检索，而不是一次塞入全部资料。,10,"[""77cabe3b-40e3-5948-a7ba-70a6b45e3740"", ""2bdb2933-7ec4-5293-b6bf-bad80a506b57""]","{""origin_question_id"": ""q_context_selection_budget_advanced"", ""review_status"": ""pending_team_review""}"
84c46cb7-dd0d-59f8-892e-0150787c047c,RAG-SUB-lost_in_the_middle,single_choice,2,关于“长上下文位置效应”，以下哪项描述最准确？,B,10,"[""95555140-a1fc-5a3a-9675-391b62a56997""]","{""origin_question_id"": ""q_lost_in_the_middle_foundation"", ""review_status"": ""pending_team_review""}"
1d37bb69-2aff-5d5f-b7ec-bc90f5e36bfa,RAG-SUB-lost_in_the_middle,short_answer,3,请说明在真实RAG项目中如何落实“长上下文位置效应”，至少给出三个实施要点。,把最关键且高权威证据放在易被利用的位置，按子问题分组；减少重复和无关内容；用位置扰动测试检查答案是否依赖片段排列。,10,"[""d547baf9-0fa2-5459-bdb5-e2c96b33e751""]","{""origin_question_id"": ""q_lost_in_the_middle_standard"", ""review_status"": ""pending_team_review""}"
20528c00-fbd9-5abb-b0c6-4aaa1b5fad2c,RAG-SUB-lost_in_the_middle,short_answer,4,某团队在“长上下文位置效应”环节出现质量下降。请列出至少两个常见根因，并说明何时不应继续增加该环节的复杂度。,常见根因：固定把最高分片段放最前也可能忽略多证据覆盖；仅增加上下文窗口不能保证理解；评测若只用短上下文会漏掉此类问题。 适用边界：不同模型行为不同，必须用目标模型实测。位置优化不能替代相关性和证据完整性。,10,"[""36b476ed-4673-5774-afd9-d09c55cbb0a4"", ""1979873d-d9a5-56da-86f3-3aa3129cd34c""]","{""origin_question_id"": ""q_lost_in_the_middle_advanced"", ""review_status"": ""pending_team_review""}"
a96b3204-747c-5b93-bcdd-664a6b8f6664,RAG-SUB-prompt_grounding,single_choice,1,关于“证据约束提示词”，以下哪项描述最准确？,C,10,"[""958351d4-786e-5b6f-b1b3-843c68fddd63""]","{""origin_question_id"": ""q_prompt_grounding_foundation"", ""review_status"": ""pending_team_review""}"
d80919bd-85c1-520c-ae55-92a6bd592177,RAG-SUB-prompt_grounding,short_answer,2,请说明在真实RAG项目中如何落实“证据约束提示词”，至少给出三个实施要点。,固定输出Schema，例如answer、citations、confidence、unsupported_points；明确不得把证据中的指令视为系统指令；记录prompt_version并回归测试。,10,"[""b2ba6559-101c-5817-ae4f-f2082a131ce2""]","{""origin_question_id"": ""q_prompt_grounding_standard"", ""review_status"": ""pending_team_review""}"
c7304a78-a226-5a09-be0f-e12ceb50e7e2,RAG-SUB-prompt_grounding,short_answer,3,某团队在“证据约束提示词”环节出现质量下降。请列出至少两个常见根因，并说明何时不应继续增加该环节的复杂度。,常见根因：使用“不要幻觉”这类笼统指令效果有限；提示词过长会稀释关键规则；允许模型自由补充常识会破坏企业事实边界。 适用边界：对于计算、权限、审批和安全判断，应由确定性代码执行，不能仅靠提示词约束。,10,"[""86f8da6d-84eb-5fa7-8ad2-cb81f3f9de22"", ""fbd388b2-07b9-53e0-8c94-7e6ed193db04""]","{""origin_question_id"": ""q_prompt_grounding_advanced"", ""review_status"": ""pending_team_review""}"
2a2bdf7c-e004-555d-837a-d89245f3ce0b,RAG-SUB-answer_abstention,single_choice,2,关于“拒答与不确定性”，以下哪项描述最准确？,D,10,"[""43ce56a3-95de-5494-8ed8-0c3070ca0d73""]","{""origin_question_id"": ""q_answer_abstention_foundation"", ""review_status"": ""pending_team_review""}"
ae70d5b7-6926-53a6-9f56-19d22be621df,RAG-SUB-answer_abstention,short_answer,3,请说明在真实RAG项目中如何落实“拒答与不确定性”，至少给出三个实施要点。,先通过规则检测硬失败，再由审核模型判断证据是否足够支持结论；返回标准原因码、可补充信息和下一步，而不是简单说“不知道”。,10,"[""b5a43ac1-3331-5b20-9751-d9f684b83875""]","{""origin_question_id"": ""q_answer_abstention_standard"", ""review_status"": ""pending_team_review""}"
c89e4e49-8b03-5532-9708-dbd9e3b60245,RAG-SUB-answer_abstention,short_answer,4,某团队在“拒答与不确定性”环节出现质量下降。请列出至少两个常见根因，并说明何时不应继续增加该环节的复杂度。,常见根因：阈值过高会造成大量拒答，过低则增加幻觉；只根据向量分数拒答不稳；把权限不足描述为“没有信息”会误导用户。 适用边界：拒答策略应按风险分级。低风险教学解释可给出有限推断，高风险企业制度必须有明确证据。,10,"[""02c36bda-b814-5ad0-8bde-e3b01abc54bb"", ""f67c43ff-c20a-5609-9392-a94b96b46bde""]","{""origin_question_id"": ""q_answer_abstention_advanced"", ""review_status"": ""pending_team_review""}"
06e04c38-8b1a-5061-abd2-0b57ecc773e0,RAG-SUB-citation_generation_verification,single_choice,2,关于“引用生成与验证”，以下哪项描述最准确？,A,10,"[""c9265043-5804-53d2-a0ab-ef2cfa72e582""]","{""origin_question_id"": ""q_citation_generation_verification_foundation"", ""review_status"": ""pending_team_review""}"
c62f73bc-92a2-5872-9b73-14da702045a8,RAG-SUB-citation_generation_verification,short_answer,3,请说明在真实RAG项目中如何落实“引用生成与验证”，至少给出三个实施要点。,生成器只能选择白名单证据编号；后处理验证引用存在；审核器逐条检查结论与证据的一致性；前端展示来源标题和定位。,10,"[""8a8ceb98-6cfb-50e7-9554-5051d571c7ca""]","{""origin_question_id"": ""q_citation_generation_verification_standard"", ""review_status"": ""pending_team_review""}"
aec3dd82-81de-5677-95bf-a337642ee63a,RAG-SUB-citation_generation_verification,short_answer,4,某团队在“引用生成与验证”环节出现质量下降。请列出至少两个常见根因，并说明何时不应继续增加该环节的复杂度。,常见根因：模型可能编造不存在的编号，或把同主题片段当作支持；引用覆盖率高不等于引用正确率高；大段答案末尾统一引用难以对应具体结论。 适用边界：对综合推理可使用多个证据，但应说明推理步骤；不能公开的内部来源只展示受控标识与摘要。,10,"[""b50d60b1-0276-57d8-9506-c5a791c1cc63"", ""e41ef096-e67b-5cb5-bf1e-18765942b6eb""]","{""origin_question_id"": ""q_citation_generation_verification_advanced"", ""review_status"": ""pending_team_review""}"
42b50c97-c117-53a0-bbc3-e3c2d5d095d6,RAG-SUB-hallucination_types,single_choice,1,关于“幻觉类型与根因”，以下哪项描述最准确？,B,10,"[""4004aa3a-6d55-58f6-b1f5-0ff142cb4a4c""]","{""origin_question_id"": ""q_hallucination_types_foundation"", ""review_status"": ""pending_team_review""}"
4c39c6c2-3d51-58c1-bef9-dd1707bfd3f7,RAG-SUB-hallucination_types,short_answer,2,请说明在真实RAG项目中如何落实“幻觉类型与根因”，至少给出三个实施要点。,错误标注至少包含unsupported_claim、contradicted_claim、wrong_citation、overgeneralization和out_of_scope。对每类建立测试集和修复策略。,10,"[""d98c91d8-22c1-551c-9735-8c0cc26b112c""]","{""origin_question_id"": ""q_hallucination_types_standard"", ""review_status"": ""pending_team_review""}"
d33aeb06-29b0-5e96-a66d-652635588ec2,RAG-SUB-hallucination_types,short_answer,3,某团队在“幻觉类型与根因”环节出现质量下降。请列出至少两个常见根因，并说明何时不应继续增加该环节的复杂度。,常见根因：把所有错误都归因于大模型会忽略知识库和检索问题；只做事实核查可能漏掉权限和时效错误；用另一个模型审核也可能共享同一偏差。 适用边界：无法自动判断的高风险内容要进入人工审核。系统目标是测量并降低错误，而不是承诺绝对零幻觉。,10,"[""9c349666-7428-526d-93d2-978ed06f2ed9"", ""dbbd4dd3-14b7-58da-ba3c-6e16841cd5e9""]","{""origin_question_id"": ""q_hallucination_types_advanced"", ""review_status"": ""pending_team_review""}"
bbba98b3-6a81-51df-8f09-bf88231db71c,RAG-SUB-evidence_entailment,single_choice,3,关于“证据支持关系检查”，以下哪项描述最准确？,C,10,"[""55011292-1aa4-5803-a526-d964e4a1f2f6""]","{""origin_question_id"": ""q_evidence_entailment_foundation"", ""review_status"": ""pending_team_review""}"
ee6e1469-5652-5193-99da-4c25eaca0f59,RAG-SUB-evidence_entailment,short_answer,4,请说明在真实RAG项目中如何落实“证据支持关系检查”，至少给出三个实施要点。,将答案拆成原子结论，逐条关联引用；使用规则和评审模型检查数字、否定、范围和条件；对冲突来源按权威与版本裁决。,10,"[""52ef18bc-42bb-51c5-94a2-d0b23199fb51""]","{""origin_question_id"": ""q_evidence_entailment_standard"", ""review_status"": ""pending_team_review""}"
af595eb0-eb33-5bc3-9273-ff07e9bebb0d,RAG-SUB-evidence_entailment,short_answer,5,某团队在“证据支持关系检查”环节出现质量下降。请列出至少两个常见根因，并说明何时不应继续增加该环节的复杂度。,常见根因：长答案不拆分会让一个正确引用掩盖其他无依据结论；模型评审对细微数值和逻辑条件可能不稳定；没有人工样本就无法校准。 适用边界：低风险内容可以自动通过，高风险结论需双重验证或人工确认。证据检查不等同于来源本身真实，来源治理仍是前提。,10,"[""7552ede9-34c4-58c2-abad-4765f60d9c56"", ""9ac8bbd4-228c-5263-83ae-c2ad109c81b7""]","{""origin_question_id"": ""q_evidence_entailment_advanced"", ""review_status"": ""pending_team_review""}"
54eb062e-cd52-51ce-9d9b-2cedf412ef28,RAG-SUB-review_correction_loop,single_choice,2,关于“审核与纠偏闭环”，以下哪项描述最准确？,D,10,"[""c8673259-de63-5c62-9afb-e6f09e0a347a""]","{""origin_question_id"": ""q_review_correction_loop_foundation"", ""review_status"": ""pending_team_review""}"
d5338b41-bcd1-58a3-a23c-9dcc0daf4212,RAG-SUB-review_correction_loop,short_answer,3,请说明在真实RAG项目中如何落实“审核与纠偏闭环”，至少给出三个实施要点。,每轮保存review_id、issue_type、affected_field、repair_action和retry_count；设置最大循环次数；连续失败转人工审核或降级到已有资源。,10,"[""41dd4738-030d-5383-97ff-2160eb66e5d4""]","{""origin_question_id"": ""q_review_correction_loop_standard"", ""review_status"": ""pending_team_review""}"
a601f613-d6b4-50c2-8b37-4f61c563d474,RAG-SUB-review_correction_loop,short_answer,4,某团队在“审核与纠偏闭环”环节出现质量下降。请列出至少两个常见根因，并说明何时不应继续增加该环节的复杂度。,常见根因：审核模型与生成模型使用同一提示可能形成共识偏差；无限重试会增加成本；只输出总分无法指导修复。 适用边界：确定性Schema、引用存在性和权限检查应在模型审核前执行。审核Agent只处理需要语义判断的部分。,10,"[""547fcd97-c1cb-5247-accf-02b3db9b7d18"", ""53c67631-d061-5699-87b6-1302ea856c0d""]","{""origin_question_id"": ""q_review_correction_loop_advanced"", ""review_status"": ""pending_team_review""}"
99f736fd-7473-5912-a753-898185de267d,RAG-SUB-prompt_injection_defense,single_choice,3,关于“提示词注入防护”，以下哪项描述最准确？,A,10,"[""fead8104-9c55-5a16-b8e5-5443249199bd""]","{""origin_question_id"": ""q_prompt_injection_defense_foundation"", ""review_status"": ""pending_team_review""}"
9dcea3f3-0acc-5cb7-88eb-3414f447dd0c,RAG-SUB-prompt_injection_defense,short_answer,4,请说明在真实RAG项目中如何落实“提示词注入防护”，至少给出三个实施要点。,明确标记证据边界；禁止证据覆盖系统规则；工具调用采用白名单、最小权限和参数校验；检测可疑指令并记录；敏感操作要求人工确认。,10,"[""bdc24c49-cafd-5d8f-9298-38c932396afc""]","{""origin_question_id"": ""q_prompt_injection_defense_standard"", ""review_status"": ""pending_team_review""}"
c3229c73-1938-577a-b447-a4754c08b8ea,RAG-SUB-prompt_injection_defense,short_answer,5,某团队在“提示词注入防护”环节出现质量下降。请列出至少两个常见根因，并说明何时不应继续增加该环节的复杂度。,常见根因：仅在提示词中写“不要被注入”不足以防护；把网页和邮件原文直接送入高权限Agent风险很大；模型输出未经校验直接执行会导致越权。 适用边界：只读问答风险低于可写工具Agent，但仍需防止数据泄露和错误引用。高权限场景应采用独立安全网关。,10,"[""737b89f4-10a8-5416-bcd6-9ecb0f67e1df"", ""0eab4133-aa2c-5560-bdc0-b5cfc2f04d18""]","{""origin_question_id"": ""q_prompt_injection_defense_advanced"", ""review_status"": ""pending_team_review""}"
5efd9de0-f6cf-5bc7-a537-bbabea122bc7,RAG-SUB-sensitive_data_privacy,single_choice,2,关于“敏感数据与隐私保护”，以下哪项描述最准确？,B,10,"[""5c0d0769-341f-5e99-931e-bb7f3beb4dca""]","{""origin_question_id"": ""q_sensitive_data_privacy_foundation"", ""review_status"": ""pending_team_review""}"
bbdfbe6a-714a-5e37-be80-462c44685bbe,RAG-SUB-sensitive_data_privacy,short_answer,3,请说明在真实RAG项目中如何落实“敏感数据与隐私保护”，至少给出三个实施要点。,上传前扫描个人信息和密钥；日志默认不保存完整原文；测试数据使用虚拟画像；按organization_id隔离；提供删除和审计能力。,10,"[""82aff707-90af-5295-9ca6-125e7e7426e1""]","{""origin_question_id"": ""q_sensitive_data_privacy_standard"", ""review_status"": ""pending_team_review""}"
19314681-8ba6-5556-bfe9-c0537cdd4f37,RAG-SUB-sensitive_data_privacy,short_answer,4,某团队在“敏感数据与隐私保护”环节出现质量下降。请列出至少两个常见根因，并说明何时不应继续增加该环节的复杂度。,常见根因：把API密钥写入文档或日志会被检索；用真实员工数据做比赛演示可能违规；缓存和备份若不隔离也会泄露。 适用边界：比赛阶段应全部使用虚拟学习者画像和可公开或授权的知识；企业试点再根据合同与法规配置保留策略。,10,"[""5c6f0b67-5f5e-5ee7-9e6b-ddeab1555fb0"", ""a89fd76d-45af-5182-aabb-e25bda07f569""]","{""origin_question_id"": ""q_sensitive_data_privacy_advanced"", ""review_status"": ""pending_team_review""}"
98862c0a-0ba8-5173-ad5c-dead52954237,RAG-SUB-retrieval_metrics,single_choice,1,关于“检索评测指标”，以下哪项描述最准确？,C,10,"[""9ffaa25f-998d-5c82-b4ef-1ecfe093b81a""]","{""origin_question_id"": ""q_retrieval_metrics_foundation"", ""review_status"": ""pending_team_review""}"
e2b2b60b-676b-5f5a-a3ed-7defdaf414af,RAG-SUB-retrieval_metrics,short_answer,2,请说明在真实RAG项目中如何落实“检索评测指标”，至少给出三个实施要点。,为每个查询标注可接受chunk_id或knowledge_node_id；分别报告整体、核心知识点、查询类型和无答案集合；使用精确检索作为ANN上限对照。,10,"[""2e9f7564-9ef7-5f56-8ff4-ed90d295d328""]","{""origin_question_id"": ""q_retrieval_metrics_standard"", ""review_status"": ""pending_team_review""}"
15b65bbe-c60e-59f6-bbde-7ff78409d5fd,RAG-SUB-retrieval_metrics,short_answer,3,某团队在“检索评测指标”环节出现质量下降。请列出至少两个常见根因，并说明何时不应继续增加该环节的复杂度。,常见根因：只报告平均值会掩盖关键知识点失败；把自动生成答案当作检索真值会形成循环偏差；相关性标注不一致会让指标失真。 适用边界：比赛可重点报告Recall@5、MRR和核心知识覆盖；生产系统还需按租户、版本和查询类型监控。,10,"[""140e9fe4-73e1-5cff-95f6-5d9de26ee282"", ""65dd2b1c-1a49-5079-bd92-9c62f2e9edf3""]","{""origin_question_id"": ""q_retrieval_metrics_advanced"", ""review_status"": ""pending_team_review""}"
19c2bf55-4ffb-5082-bd17-7b3588ca228a,RAG-SUB-generation_metrics,single_choice,2,关于“生成质量指标”，以下哪项描述最准确？,D,10,"[""3643e96e-c739-59b7-ab11-37fa92fc22cb""]","{""origin_question_id"": ""q_generation_metrics_foundation"", ""review_status"": ""pending_team_review""}"
dc7c396f-1897-55e3-8e47-fbb5b533b845,RAG-SUB-generation_metrics,short_answer,3,请说明在真实RAG项目中如何落实“生成质量指标”，至少给出三个实施要点。,混合使用规则、参考答案、LLM评审和人工抽检；保存评分理由；对数字、步骤和禁止项增加确定性检查；评审模型要用已标注样本校准。,10,"[""046667c6-af7e-5565-8d7c-050ba92baa46""]","{""origin_question_id"": ""q_generation_metrics_standard"", ""review_status"": ""pending_team_review""}"
ea640465-1a5d-58b4-9441-ec4135991ce3,RAG-SUB-generation_metrics,short_answer,4,某团队在“生成质量指标”环节出现质量下降。请列出至少两个常见根因，并说明何时不应继续增加该环节的复杂度。,常见根因：用同一模型生成并评分会有偏差；单一总分难以定位问题；没有证据的开放式“好不好”评分不稳定。 适用边界：比赛要求的幻觉率应先定义分母、错误类别和人工复核流程，不能仅引用框架默认分数。,10,"[""af89e5cd-b4ff-5b13-9fef-9f9371ef3658"", ""e0c889a3-353c-57fd-b652-7296e372bacb""]","{""origin_question_id"": ""q_generation_metrics_advanced"", ""review_status"": ""pending_team_review""}"
63062a70-f45e-5cf9-bea7-a23b387eed47,RAG-SUB-end_to_end_evaluation,single_choice,2,关于“端到端RAG评测”，以下哪项描述最准确？,A,10,"[""35a6c4ac-739e-5c3e-a06e-a7f1b49a6013""]","{""origin_question_id"": ""q_end_to_end_evaluation_foundation"", ""review_status"": ""pending_team_review""}"
5d22c447-c93e-5c96-9523-6e52472bc2fa,RAG-SUB-end_to_end_evaluation,short_answer,3,请说明在真实RAG项目中如何落实“端到端RAG评测”，至少给出三个实施要点。,定义固定版本的知识库、模型、提示词和数据集；记录每个案例的中间证据；报告质量、P95延迟、Token成本、失败率和人工介入率。,10,"[""ae052256-98e6-59c2-bbf5-635fb3fdeb31""]","{""origin_question_id"": ""q_end_to_end_evaluation_standard"", ""review_status"": ""pending_team_review""}"
38ccf281-fd8a-501b-8d39-59733f3b9224,RAG-SUB-end_to_end_evaluation,short_answer,4,某团队在“端到端RAG评测”环节出现质量下降。请列出至少两个常见根因，并说明何时不应继续增加该环节的复杂度。,常见根因：仅挑选成功案例演示不能证明稳定性；修改知识库后不重跑全流程会引入回归；比较方案时同时更换多个组件无法归因。 适用边界：先建立可复现离线测试，再进行有限在线用户反馈。比赛指标与商业指标可共用底层数据，但目标阈值应明确。,10,"[""f68ba6b5-36e1-51c5-a62d-76a0de8a704d"", ""8717edfd-5adb-5ba9-a665-2dba8f7b7a34""]","{""origin_question_id"": ""q_end_to_end_evaluation_advanced"", ""review_status"": ""pending_team_review""}"
cfb7e6f7-269c-5f84-a55a-d986a29a9e62,RAG-SUB-golden_dataset_design,single_choice,2,关于“黄金评测集设计”，以下哪项描述最准确？,B,10,"[""65611a89-5f05-5001-a966-eed813d96857""]","{""origin_question_id"": ""q_golden_dataset_design_foundation"", ""review_status"": ""pending_team_review""}"
34b5a5ea-398e-5927-b341-b7e91611d74a,RAG-SUB-golden_dataset_design,short_answer,3,请说明在真实RAG项目中如何落实“黄金评测集设计”，至少给出三个实施要点。,从真实需求与专家设计共同采样，划分开发集与锁定测试集；定期做双人标注一致性检查；版本化数据集并记录变更。,10,"[""3fa7381a-e770-5be3-b68f-74bd4eb991fb""]","{""origin_question_id"": ""q_golden_dataset_design_standard"", ""review_status"": ""pending_team_review""}"
e3f8ef66-b373-5d8c-ba1e-fff9a7d7adc9,RAG-SUB-golden_dataset_design,short_answer,4,某团队在“黄金评测集设计”环节出现质量下降。请列出至少两个常见根因，并说明何时不应继续增加该环节的复杂度。,常见根因：只用模型自动生成问题会缺少真实表达和困难负例；测试集泄露进提示词会虚高；只有正例无法评价拒答。 适用边界：比赛文件要求至少完整测试方案和多画像用例，因此知识库应自带足量可复现案例，但最终指标必须由系统实测。,10,"[""b2da3781-04bb-5cfb-a573-9f6c16005a7b"", ""a0e4377f-6fe5-5ee3-9c5a-09164b83d402""]","{""origin_question_id"": ""q_golden_dataset_design_advanced"", ""review_status"": ""pending_team_review""}"
f757fa86-7f08-51c7-ab3e-5be3bdb9b35c,RAG-SUB-online_monitoring_feedback,single_choice,3,关于“在线监控与反馈”，以下哪项描述最准确？,C,10,"[""f1fe38d5-d480-5e42-96f4-e76a9bd80947""]","{""origin_question_id"": ""q_online_monitoring_feedback_foundation"", ""review_status"": ""pending_team_review""}"
9ad18bbe-3be7-59f9-8b36-3df2e90a58a4,RAG-SUB-online_monitoring_feedback,short_answer,4,请说明在真实RAG项目中如何落实“在线监控与反馈”，至少给出三个实施要点。,用trace_id串联查询改写、检索、重排、生成、审核和仲裁；建立质量告警，如空召回率、引用失败率和审核驳回率突增；抽样进入回归集。,10,"[""7fd9f6e2-be8e-50f0-b652-8fb3bd319f6f""]","{""origin_question_id"": ""q_online_monitoring_feedback_standard"", ""review_status"": ""pending_team_review""}"
3a6abce5-6192-52d3-a386-26d616be3d24,RAG-SUB-online_monitoring_feedback,short_answer,5,某团队在“在线监控与反馈”环节出现质量下降。请列出至少两个常见根因，并说明何时不应继续增加该环节的复杂度。,常见根因：只监控服务器可用性看不到语义质量；完整记录原文可能泄露数据；用户点赞不能直接等同于事实正确。 适用边界：反馈用于发现问题和构建评测案例，不应未经审核直接修改权威知识或自动提升内容可信等级。,10,"[""28b8a20e-994c-5e97-b731-e1e4464c3add"", ""91199596-8517-5ae5-96d2-67875d4884e9""]","{""origin_question_id"": ""q_online_monitoring_feedback_advanced"", ""review_status"": ""pending_team_review""}"
ce3d78e8-1609-5a44-b12d-4fc4d93a6f72,RAG-SUB-agentic_rag,single_choice,3,关于“Agentic RAG”，以下哪项描述最准确？,D,10,"[""641ba45a-3bcf-534a-be98-bed08a961ed2""]","{""origin_question_id"": ""q_agentic_rag_foundation"", ""review_status"": ""pending_team_review""}"
f73c471d-5f75-5589-8bf0-0eef892e7190,RAG-SUB-agentic_rag,short_answer,4,请说明在真实RAG项目中如何落实“Agentic RAG”，至少给出三个实施要点。,使用状态机限制步骤、工具和重试；每步输出结构化action、evidence和reason；设置预算、超时和人工介入；保留完整轨迹。,10,"[""a8b88d1c-10bf-5316-87d4-d83837b55fcf""]","{""origin_question_id"": ""q_agentic_rag_standard"", ""review_status"": ""pending_team_review""}"
a5a390cd-0df4-5ac2-9abd-54e0a15c75c6,RAG-SUB-agentic_rag,short_answer,5,某团队在“Agentic RAG”环节出现质量下降。请列出至少两个常见根因，并说明何时不应继续增加该环节的复杂度。,常见根因：没有停止条件会循环；智能体可能选择错误工具或把生成内容当证据；自由文本通信难以验证和回放。 适用边界：简单FAQ不需要Agentic RAG。仅在多源、复杂任务或证据不足需迭代时使用，并与固定流程基线比较。,10,"[""ff5e5cb9-8577-5a96-9aff-6723e270b106"", ""e51f3431-5ded-5e26-97cc-d67e5870ccb4""]","{""origin_question_id"": ""q_agentic_rag_advanced"", ""review_status"": ""pending_team_review""}"
1d87d8b4-b344-50d5-bf64-96fc32a430ef,RAG-SUB-self_rag,single_choice,4,关于“Self-RAG自反思检索生成”，以下哪项描述最准确？,A,10,"[""2f4d7994-5f55-55a5-a7ee-2b2ca44a1ca3""]","{""origin_question_id"": ""q_self_rag_foundation"", ""review_status"": ""pending_team_review""}"
f9d09fad-f9f4-5c05-8950-ee5e15e3a7d5,RAG-SUB-self_rag,short_answer,5,请说明在真实RAG项目中如何落实“Self-RAG自反思检索生成”，至少给出三个实施要点。,工程应用可借鉴其思想：在工作流中显式设置need_retrieval、evidence_supported和quality_check节点，而不必直接复现训练方法。,10,"[""d1dd9220-fef8-57a0-8a9d-7835be23900d""]","{""origin_question_id"": ""q_self_rag_standard"", ""review_status"": ""pending_team_review""}"
7a8bc12d-06db-5da5-a17d-062e2347afa7,RAG-SUB-self_rag,short_answer,5,某团队在“Self-RAG自反思检索生成”环节出现质量下降。请列出至少两个常见根因，并说明何时不应继续增加该环节的复杂度。,常见根因：自评并不天然可靠；训练和部署复杂；若没有外部评测，模型可能对自己错误答案给出高评价。 适用边界：比赛系统可实现可解释的规则+审核Agent近似闭环，避免把高级论文名称当作未经验证的功能。,10,"[""912503c9-9d87-50ac-822a-daee3a2cca54"", ""368f515a-ad54-5efa-8f90-625269cc17ac""]","{""origin_question_id"": ""q_self_rag_advanced"", ""review_status"": ""pending_team_review""}"
6c06e249-c7be-5ee6-8bd1-00c5a177ebd4,RAG-SUB-corrective_rag,single_choice,3,关于“Corrective RAG”，以下哪项描述最准确？,B,10,"[""bee26bdc-7484-593f-9eef-5165bf129689""]","{""origin_question_id"": ""q_corrective_rag_foundation"", ""review_status"": ""pending_team_review""}"
26a9a1f7-ebcf-5db5-91ce-c999b753dfdf,RAG-SUB-corrective_rag,short_answer,4,请说明在真实RAG项目中如何落实“Corrective RAG”，至少给出三个实施要点。,定义retrieval_quality状态和阈值；低质量时尝试查询改写、备用数据源或人工审核；所有补充证据仍需通过权限与来源检查。,10,"[""e6ca280e-506d-57e9-8103-aa5977ce2067""]","{""origin_question_id"": ""q_corrective_rag_standard"", ""review_status"": ""pending_team_review""}"
49e45810-ab9e-5095-979c-aadb153bc733,RAG-SUB-corrective_rag,short_answer,5,某团队在“Corrective RAG”环节出现质量下降。请列出至少两个常见根因，并说明何时不应继续增加该环节的复杂度。,常见根因：评估器错误会触发不必要检索或放行坏证据；无限补充会增加成本；外部搜索结果可能权威性不足。 适用边界：适合关键问题和多源系统。企业私有知识不能因失败就自动搜索公网并混入正式答案。,10,"[""2e27ee7a-694e-5a2f-88c9-d63de29270bc"", ""ff4afc00-9c82-5592-ad54-e8ff160a2a2d""]","{""origin_question_id"": ""q_corrective_rag_advanced"", ""review_status"": ""pending_team_review""}"
899bdb5a-cf0d-58d9-829d-cd0c1e42ba49,RAG-SUB-graph_rag,single_choice,4,关于“Graph RAG”，以下哪项描述最准确？,C,10,"[""6ea62f3c-a09f-52a8-9e36-25516d0b82d3""]","{""origin_question_id"": ""q_graph_rag_foundation"", ""review_status"": ""pending_team_review""}"
0db965f3-e1e8-5ebe-9e28-f593f86c6f48,RAG-SUB-graph_rag,short_answer,5,请说明在真实RAG项目中如何落实“Graph RAG”，至少给出三个实施要点。,先定义实体与关系Schema，再做抽取、消歧和证据绑定；对局部问题使用邻域检索，对全局问题使用社区或摘要；建立图质量评测。,10,"[""0155c732-461a-5882-9f76-a69e4abb4ff0""]","{""origin_question_id"": ""q_graph_rag_standard"", ""review_status"": ""pending_team_review""}"
e630d58b-4ced-531f-bbdb-439435242c93,RAG-SUB-graph_rag,short_answer,5,某团队在“Graph RAG”环节出现质量下降。请列出至少两个常见根因，并说明何时不应继续增加该环节的复杂度。,常见根因：实体重复、关系方向错误和抽取幻觉会污染图；全量图构建成本高；图查询并不一定优于混合文本检索。 适用边界：关系密集、跨文档推理需求明确时才采用。RAG工程实训本身可将知识点前置关系做轻量图，无需一开始构建复杂企业知识图谱。,10,"[""cccb4d5f-2262-5bf5-a273-19932845acc5"", ""d5894b41-3b85-5d8e-a558-787595b89d71""]","{""origin_question_id"": ""q_graph_rag_advanced"", ""review_status"": ""pending_team_review""}"
0a7a6268-75c2-59f0-9cc3-edc65ae72b9c,RAG-SUB-tool_routing_multi_source,single_choice,3,关于“多源路由与工具选择”，以下哪项描述最准确？,D,10,"[""1c0a2a53-7d43-54df-928f-1e5e04f27f91""]","{""origin_question_id"": ""q_tool_routing_multi_source_foundation"", ""review_status"": ""pending_team_review""}"
3c4ee4ce-1d1e-55ed-bff0-5053efece21d,RAG-SUB-tool_routing_multi_source,short_answer,4,请说明在真实RAG项目中如何落实“多源路由与工具选择”，至少给出三个实施要点。,为每个工具定义输入Schema、权限、超时和返回证据格式；先用规则处理明确意图，再用模型处理歧义；融合结果时统一evidence_id。,10,"[""42cd8792-1319-5b63-9754-97819d621db3""]","{""origin_question_id"": ""q_tool_routing_multi_source_standard"", ""review_status"": ""pending_team_review""}"
81f13b1d-3118-5e07-abff-3ee7ce780a5a,RAG-SUB-tool_routing_multi_source,short_answer,5,某团队在“多源路由与工具选择”环节出现质量下降。请列出至少两个常见根因，并说明何时不应继续增加该环节的复杂度。,常见根因：把所有数据源都交给模型自由选择会增加越权和不可控风险；工具返回错误若不校验会被当成事实；多源冲突需要裁决。 适用边界：比赛阶段可实现少量受控工具路由，商业化后再增加企业连接器。写操作必须与只读检索分离并增加审批。,10,"[""0ea0f4c3-cb15-5ea2-a6f0-d5fa4106409d"", ""ffa539cb-09f3-5d6d-a79d-04498befa3e3""]","{""origin_question_id"": ""q_tool_routing_multi_source_advanced"", ""review_status"": ""pending_team_review""}"
1413abfb-efb4-527e-887a-a362f12372d2,RAG-SUB-observability_tracing,single_choice,2,关于“可观测性与链路追踪”，以下哪项描述最准确？,A,10,"[""a3c9cfeb-0f14-5e9a-afb7-db73a42e21d7""]","{""origin_question_id"": ""q_observability_tracing_foundation"", ""review_status"": ""pending_team_review""}"
7e75bba2-bee9-5448-992d-f178f5a2b64b,RAG-SUB-observability_tracing,short_answer,3,请说明在真实RAG项目中如何落实“可观测性与链路追踪”，至少给出三个实施要点。,为请求生成trace_id或correlation_id，每个组件创建span；记录模型、提示词、索引和知识库版本；敏感内容用哈希或受控采样。,10,"[""ce87e42e-ddfe-54ba-9703-a6a72e013d2f""]","{""origin_question_id"": ""q_observability_tracing_standard"", ""review_status"": ""pending_team_review""}"
e624edea-55aa-5a39-91aa-4b2eb69e54f2,RAG-SUB-observability_tracing,short_answer,4,某团队在“可观测性与链路追踪”环节出现质量下降。请列出至少两个常见根因，并说明何时不应继续增加该环节的复杂度。,常见根因：只记录文本日志难以串联并发调用；记录全部提示词可能泄露企业数据；没有统一时间和编号会让跨服务排查困难。 适用边界：比赛原型至少应展示决策轨迹和证据链；生产系统再接入标准可观测平台与告警。,10,"[""f00df153-4cbc-5d28-b2cf-13acb1252bee"", ""7727d966-6dec-5d57-a8bf-fca423b3736e""]","{""origin_question_id"": ""q_observability_tracing_advanced"", ""review_status"": ""pending_team_review""}"
e6bf8399-b4a8-5abc-9ceb-558c2a586fae,RAG-SUB-latency_cost_optimization,single_choice,3,关于“延迟与成本优化”，以下哪项描述最准确？,B,10,"[""ba5ebf83-e152-5a61-a6e8-37377eb8f70d""]","{""origin_question_id"": ""q_latency_cost_optimization_foundation"", ""review_status"": ""pending_team_review""}"
6a39b296-e59d-5e90-bb78-37c2195a379c,RAG-SUB-latency_cost_optimization,short_answer,4,请说明在真实RAG项目中如何落实“延迟与成本优化”，至少给出三个实施要点。,分别测量P50/P95延迟和Token成本；并行运行独立检索；对简单查询跳过高级步骤；使用小模型做路由或结构检查，大模型处理复杂生成。,10,"[""60a19eb4-9eee-5ab1-bfbc-442bd1f5531f""]","{""origin_question_id"": ""q_latency_cost_optimization_standard"", ""review_status"": ""pending_team_review""}"
a88b8cc7-a36f-55dd-b84d-9cd28876b3f0,RAG-SUB-latency_cost_optimization,short_answer,5,某团队在“延迟与成本优化”环节出现质量下降。请列出至少两个常见根因，并说明何时不应继续增加该环节的复杂度。,常见根因：只追求速度会降低召回；无条件缓存个性化答案会串用户；减少证据Token可能损害完整性；并行过多会触发限流。 适用边界：设定质量底线和预算上限，按场景分级。比赛演示优先稳定，商业系统再做容量与成本工程。,10,"[""8a5a3478-34e4-5baa-a30a-6aaa4e0ee516"", ""eb52c519-825a-578d-b735-c9b1fc508907""]","{""origin_question_id"": ""q_latency_cost_optimization_advanced"", ""review_status"": ""pending_team_review""}"
d1ac26d2-ba6d-598c-948d-1e95d5ef00bb,RAG-SUB-caching_idempotency,single_choice,2,关于“缓存与幂等”，以下哪项描述最准确？,C,10,"[""8f218073-5343-59f7-bbe8-291e8136b553""]","{""origin_question_id"": ""q_caching_idempotency_foundation"", ""review_status"": ""pending_team_review""}"
53d5a463-ebad-5865-9410-6d6f82709d99,RAG-SUB-caching_idempotency,short_answer,3,请说明在真实RAG项目中如何落实“缓存与幂等”，至少给出三个实施要点。,定义cache_key与过期策略；知识版本激活时失效相关缓存；写接口要求idempotency_key并保存首次响应；记录缓存命中率。,10,"[""8a8b0f90-3e0c-505f-8281-06ab2a754bc1""]","{""origin_question_id"": ""q_caching_idempotency_standard"", ""review_status"": ""pending_team_review""}"
885ff3e6-bff6-5e0c-a8bf-997897bd4940,RAG-SUB-caching_idempotency,short_answer,4,某团队在“缓存与幂等”环节出现质量下降。请列出至少两个常见根因，并说明何时不应继续增加该环节的复杂度。,常见根因：遗漏organization_id会串租户；知识更新后旧缓存继续返回过时内容；对随机生成内容错误复用会破坏个性化。 适用边界：高风险回答可以只缓存检索候选，不缓存最终生成；涉及用户画像的结果必须包含profile_version。,10,"[""c610fd55-b8c8-57cb-afba-f7add67b2765"", ""d1b73a8c-d088-5cae-8177-3b6514b55128""]","{""origin_question_id"": ""q_caching_idempotency_advanced"", ""review_status"": ""pending_team_review""}"
95823bec-8946-5753-b73f-cab95f065f6b,RAG-SUB-deployment_fallback,single_choice,3,关于“部署与降级”，以下哪项描述最准确？,D,10,"[""c2ed1009-3551-5629-9c3a-8e6280594ad8""]","{""origin_question_id"": ""q_deployment_fallback_foundation"", ""review_status"": ""pending_team_review""}"
4d4152e7-cd1b-5f36-9ce9-a4c9fbbf8d51,RAG-SUB-deployment_fallback,short_answer,4,请说明在真实RAG项目中如何落实“部署与降级”，至少给出三个实施要点。,向量服务失败可切换关键词检索；审核失败可展示已审核静态资源或转人工；模型不可用时停止生成而不是返回无证据答案；保留运行手册。,10,"[""569c15e7-5307-5056-9948-d4f7a9bd0ce5""]","{""origin_question_id"": ""q_deployment_fallback_standard"", ""review_status"": ""pending_team_review""}"
24581464-3410-5ec1-8661-348975524375,RAG-SUB-deployment_fallback,short_answer,5,某团队在“部署与降级”环节出现质量下降。请列出至少两个常见根因，并说明何时不应继续增加该环节的复杂度。,常见根因：无上限重试会雪崩；自动切换到未验证模型会改变质量；降级路径不测试等于不存在。 适用边界：关键企业规则不应在降级时绕过审核或权限。比赛演示准备离线Mock降级仅用于保证流程展示，并必须标明。,10,"[""7ad3eee5-8b6c-599f-a92f-543d1abf6735"", ""f5803988-7f69-5fc7-b9c9-c3c5bdc91d11""]","{""origin_question_id"": ""q_deployment_fallback_advanced"", ""review_status"": ""pending_team_review""}"
d4ed2058-216f-5b4c-b25b-492eb37108cf,RAG-SUB-continuous_updates_regression,single_choice,3,关于“持续更新与回归”，以下哪项描述最准确？,A,10,"[""124686f1-ec2d-5db8-9c43-9de0dea634f1""]","{""origin_question_id"": ""q_continuous_updates_regression_foundation"", ""review_status"": ""pending_team_review""}"
5f4d8e87-5afb-5165-abf6-39952f1dd9ef,RAG-SUB-continuous_updates_regression,short_answer,4,请说明在真实RAG项目中如何落实“持续更新与回归”，至少给出三个实施要点。,建立变更清单与影响范围；锁定黄金集；比较新旧版本的检索、生成、延迟和成本；核心指标下降或关键案例失败则阻止发布。,10,"[""e8253c2b-0e9f-5f8a-815b-1139a7e9d199""]","{""origin_question_id"": ""q_continuous_updates_regression_standard"", ""review_status"": ""pending_team_review""}"
f24d69bd-98e3-547e-9ae1-8fc1a8d96b62,RAG-SUB-continuous_updates_regression,short_answer,5,某团队在“持续更新与回归”环节出现质量下降。请列出至少两个常见根因，并说明何时不应继续增加该环节的复杂度。,常见根因：只测试新增内容会漏掉旧功能回归；线上直接覆盖无法回滚；评测集长期不更新会与真实问题脱节。 适用边界：评测集也要版本化，并防止开发者针对测试答案过拟合。商业客户可拥有独立回归集和发布审批。,10,"[""c666dd13-0713-5bc6-9b75-bd1e8815731d"", ""dc728d11-ca3e-53bd-bf3b-8878f9695342""]","{""origin_question_id"": ""q_continuous_updates_regression_advanced"", ""review_status"": ""pending_team_review""}"
02d69077-3f15-542c-b86a-9a108f894be0,RAG-SUB-rag_definition,short_answer,2,某团队准备在所有查询中无条件启用“RAG基本定义”。请判断该方案是否合理，并给出至少三个验证或约束要点。,不合理。应先判断问题类型与知识结构是否匹配，使用固定测试集比较基线，保留来源与权限控制，并遵守边界：内容来自第二份专业 AI 知识包，已纳入默认检索。,20,"[""3d790109-f3fd-5b5a-8ad7-83a413013d4b"", ""49874bf9-459f-583f-97e3-77f7b5e1b548"", ""ebce3ec7-8cb3-59b0-ae88-03f2ca6c009b""]","{""generated_for_v2_completion"": true, ""review_status"": ""pending_team_review""}"
24190fde-89b3-5d13-88fa-4cdf1552bab6,RAG-SUB-rag_end_to_end_architecture,short_answer,2,某团队准备在所有查询中无条件启用“RAG端到端架构”。请判断该方案是否合理，并给出至少三个验证或约束要点。,不合理。应先判断问题类型与知识结构是否匹配，使用固定测试集比较基线，保留来源与权限控制，并遵守边界：内容来自第二份专业 AI 知识包，已纳入默认检索。,20,"[""69943873-7567-5f63-b774-d7101a449690"", ""37bdd36a-e586-5804-94dd-cf9ab7b620c2"", ""3f00e3b4-c58d-581d-8b86-031983c791c3""]","{""generated_for_v2_completion"": true, ""review_status"": ""pending_team_review""}"
2def0d45-573b-543e-953a-6e04228ab60c,RAG-SUB-parametric_nonparametric_memory,short_answer,2,某团队准备在所有查询中无条件启用“参数记忆与外部记忆”。请判断该方案是否合理，并给出至少三个验证或约束要点。,不合理。应先判断问题类型与知识结构是否匹配，使用固定测试集比较基线，保留来源与权限控制，并遵守边界：内容来自第二份专业 AI 知识包，已纳入默认检索。,20,"[""ff0e610d-af35-5a31-9a96-7171c3584acc"", ""e2a687b2-e705-5bde-807c-98831b608d00"", ""d5292e6e-9a50-59e9-ac84-d0094e6361f7""]","{""generated_for_v2_completion"": true, ""review_status"": ""pending_team_review""}"
23ac049b-aa3f-5b35-90ca-995dc767f495,RAG-SUB-rag_applicability,short_answer,2,某团队准备在所有查询中无条件启用“RAG适用性判断”。请判断该方案是否合理，并给出至少三个验证或约束要点。,不合理。应先判断问题类型与知识结构是否匹配，使用固定测试集比较基线，保留来源与权限控制，并遵守边界：内容来自第二份专业 AI 知识包，已纳入默认检索。,20,"[""9a57b1b9-fd11-50ba-bdd0-eedbd7f166a0"", ""3fe1f022-3615-59c6-83ca-dbbcc855fd0e"", ""af5b5947-55a2-5368-a2e5-54e9be8cf1c7""]","{""generated_for_v2_completion"": true, ""review_status"": ""pending_team_review""}"
8a17d5a7-7bd0-5553-9576-1fddbf22f09b,RAG-SUB-rag_failure_taxonomy,short_answer,2,某团队准备在所有查询中无条件启用“RAG失败类型”。请判断该方案是否合理，并给出至少三个验证或约束要点。,不合理。应先判断问题类型与知识结构是否匹配，使用固定测试集比较基线，保留来源与权限控制，并遵守边界：内容来自第二份专业 AI 知识包，已纳入默认检索。,20,"[""a851f4e0-1280-5a10-904c-7c6feeb66b76"", ""9baf6e31-0f6e-502c-8ade-4aa84ce4e1a9"", ""55bf65bb-e4a6-58ed-8909-a34bc8f9c395""]","{""generated_for_v2_completion"": true, ""review_status"": ""pending_team_review""}"
f5009e17-a104-5ea0-a204-a769ef0ef34a,RAG-SUB-knowledge_source_selection,short_answer,2,某团队准备在所有查询中无条件启用“知识源选择”。请判断该方案是否合理，并给出至少三个验证或约束要点。,不合理。应先判断问题类型与知识结构是否匹配，使用固定测试集比较基线，保留来源与权限控制，并遵守边界：内容来自第二份专业 AI 知识包，已纳入默认检索。,20,"[""913be86f-aa12-58b9-aece-a840a067a1fc"", ""7ca80f17-8fa8-5e7f-875d-f85ab0981f9a"", ""695aa152-c45b-5658-9a30-92171455c6cd""]","{""generated_for_v2_completion"": true, ""review_status"": ""pending_team_review""}"
e7cf2785-53fa-5042-8005-30d164e6a18c,RAG-SUB-source_authority_provenance,short_answer,2,某团队准备在所有查询中无条件启用“来源权威性与溯源”。请判断该方案是否合理，并给出至少三个验证或约束要点。,不合理。应先判断问题类型与知识结构是否匹配，使用固定测试集比较基线，保留来源与权限控制，并遵守边界：内容来自第二份专业 AI 知识包，已纳入默认检索。,20,"[""efe9c728-c907-5adf-996e-b84215ce9f83"", ""1d281baa-ceda-5bbf-a360-ccd5e5fb34f2"", ""787420c4-da27-5098-b0f6-f4b3d84e596b""]","{""generated_for_v2_completion"": true, ""review_status"": ""pending_team_review""}"
e8d70e9a-07ff-5616-babc-ff244f2a7e1d,RAG-SUB-versioning_freshness,short_answer,2,某团队准备在所有查询中无条件启用“版本与时效治理”。请判断该方案是否合理，并给出至少三个验证或约束要点。,不合理。应先判断问题类型与知识结构是否匹配，使用固定测试集比较基线，保留来源与权限控制，并遵守边界：内容来自第二份专业 AI 知识包，已纳入默认检索。,20,"[""aeb513a8-5c06-5da0-943f-11ec4dae0b5d"", ""7ca24d70-cebb-5b49-b40f-6d53a27c20e0"", ""d724d74a-ea26-5a60-b7df-1cb14b4ece5f""]","{""generated_for_v2_completion"": true, ""review_status"": ""pending_team_review""}"
4afba3d3-0f2e-579d-8d7f-f0e843234206,RAG-SUB-licensing_compliance,short_answer,2,某团队准备在所有查询中无条件启用“许可与合规”。请判断该方案是否合理，并给出至少三个验证或约束要点。,不合理。应先判断问题类型与知识结构是否匹配，使用固定测试集比较基线，保留来源与权限控制，并遵守边界：内容来自第二份专业 AI 知识包，已纳入默认检索。,20,"[""295f7439-cb3d-54a7-93cc-05b3cf21d5e1"", ""a9b64ad9-e2aa-5033-a2df-452cf06d6ea9"", ""4d48d1c8-6981-5b2a-92d6-7f7f5776b747""]","{""generated_for_v2_completion"": true, ""review_status"": ""pending_team_review""}"
fc5fbede-75bb-58df-b398-dd7cc812236e,RAG-SUB-access_control_tenant_isolation,short_answer,3,某团队准备在所有查询中无条件启用“权限过滤与多租户隔离”。请判断该方案是否合理，并给出至少三个验证或约束要点。,不合理。应先判断问题类型与知识结构是否匹配，使用固定测试集比较基线，保留来源与权限控制，并遵守边界：内容来自第二份专业 AI 知识包，已纳入默认检索。,20,"[""9fc6f612-7c0b-5b63-85b5-eea3201856db"", ""5c12e602-cd9d-552a-88ff-dfece71ecff6"", ""f243e0f3-c740-5b27-9293-46c504a6ae8f""]","{""generated_for_v2_completion"": true, ""review_status"": ""pending_team_review""}"
bc3596f2-b325-5386-b08e-725f9cab251b,RAG-SUB-document_parsing,short_answer,2,某团队准备在所有查询中无条件启用“文档解析”。请判断该方案是否合理，并给出至少三个验证或约束要点。,不合理。应先判断问题类型与知识结构是否匹配，使用固定测试集比较基线，保留来源与权限控制，并遵守边界：内容来自第二份专业 AI 知识包，已纳入默认检索。,20,"[""d2bfd211-f937-52dd-98ad-25176b528a02"", ""f117a769-bd8f-5c52-9441-9e2c3e8d21f0"", ""3d396176-3e15-50ab-9262-6db3e4ba0b45""]","{""generated_for_v2_completion"": true, ""review_status"": ""pending_team_review""}"
9f7af5ed-9c93-5e08-8627-2d058354ec2f,RAG-SUB-layout_table_extraction,short_answer,2,某团队准备在所有查询中无条件启用“版面与表格提取”。请判断该方案是否合理，并给出至少三个验证或约束要点。,不合理。应先判断问题类型与知识结构是否匹配，使用固定测试集比较基线，保留来源与权限控制，并遵守边界：内容来自第二份专业 AI 知识包，已纳入默认检索。,20,"[""41200a5e-9017-5235-9103-96d21741846c"", ""0b862aa5-aa22-5315-9192-292a2d7d7a57"", ""fd35149d-6519-54e1-95fc-ead583108c6c""]","{""generated_for_v2_completion"": true, ""review_status"": ""pending_team_review""}"
96e5156d-ac0e-5f6b-8fca-a09667de91db,RAG-SUB-text_cleaning_normalization,short_answer,2,某团队准备在所有查询中无条件启用“文本清洗与规范化”。请判断该方案是否合理，并给出至少三个验证或约束要点。,不合理。应先判断问题类型与知识结构是否匹配，使用固定测试集比较基线，保留来源与权限控制，并遵守边界：内容来自第二份专业 AI 知识包，已纳入默认检索。,20,"[""7e56d693-00a0-592f-ab46-ada6a2ea938f"", ""6287d8c6-5c5f-5ba2-97fa-49a31235518f"", ""fb481ca1-c2d0-5044-820f-720ae103e1d0""]","{""generated_for_v2_completion"": true, ""review_status"": ""pending_team_review""}"
8bc849bb-505b-5b77-834a-ac9e59587eb9,RAG-SUB-deduplication,short_answer,2,某团队准备在所有查询中无条件启用“内容去重”。请判断该方案是否合理，并给出至少三个验证或约束要点。,不合理。应先判断问题类型与知识结构是否匹配，使用固定测试集比较基线，保留来源与权限控制，并遵守边界：内容来自第二份专业 AI 知识包，已纳入默认检索。,20,"[""c35ceb04-cdcc-5e38-b8ac-abc9d78d0d2c"", ""32121dda-81b1-53bc-82ed-a02a3b36ad01"", ""f177b8e8-ee10-53fd-8c2a-3300479fe67f""]","{""generated_for_v2_completion"": true, ""review_status"": ""pending_team_review""}"
b10443f2-329b-5096-bd63-b40b863e7175,RAG-SUB-document_quality_checks,short_answer,2,某团队准备在所有查询中无条件启用“文档质量门禁”。请判断该方案是否合理，并给出至少三个验证或约束要点。,不合理。应先判断问题类型与知识结构是否匹配，使用固定测试集比较基线，保留来源与权限控制，并遵守边界：内容来自第二份专业 AI 知识包，已纳入默认检索。,20,"[""d1eb2f09-3b3f-5058-a4ea-fc9dbb3776be"", ""e006724e-f8ab-5826-bb35-f72389012fc3"", ""626b7b6b-a1c6-50dd-baad-b2f5e73c11b5""]","{""generated_for_v2_completion"": true, ""review_status"": ""pending_team_review""}"
dfac0855-0e29-5ba7-9bf2-0bf52f486d75,RAG-SUB-chunking_objectives,short_answer,2,某团队准备在所有查询中无条件启用“文档切分目标”。请判断该方案是否合理，并给出至少三个验证或约束要点。,不合理。应先判断问题类型与知识结构是否匹配，使用固定测试集比较基线，保留来源与权限控制，并遵守边界：内容来自第二份专业 AI 知识包，已纳入默认检索。,20,"[""4067d39d-233e-5b56-b902-20d151a769f1"", ""7644f7ba-f058-5eb4-ac51-64d5b3e3bc72"", ""c16e5cb0-4034-5d5b-b359-75746740355f""]","{""generated_for_v2_completion"": true, ""review_status"": ""pending_team_review""}"
8a094d76-0562-5da5-8deb-74a7339eabc9,RAG-SUB-fixed_window_chunking,short_answer,2,某团队准备在所有查询中无条件启用“固定窗口切分”。请判断该方案是否合理，并给出至少三个验证或约束要点。,不合理。应先判断问题类型与知识结构是否匹配，使用固定测试集比较基线，保留来源与权限控制，并遵守边界：内容来自第二份专业 AI 知识包，已纳入默认检索。,20,"[""ee46d48c-e991-5c18-97e4-f0f96409f900"", ""c66e4478-8269-55a1-88bb-f273ea4f3527"", ""2c58c043-5fbc-5ea0-8f4a-42b4f6b274c3""]","{""generated_for_v2_completion"": true, ""review_status"": ""pending_team_review""}"
1d0931c7-ac51-5376-81ce-fea74ebe2514,RAG-SUB-structure_aware_chunking,short_answer,2,某团队准备在所有查询中无条件启用“结构感知切分”。请判断该方案是否合理，并给出至少三个验证或约束要点。,不合理。应先判断问题类型与知识结构是否匹配，使用固定测试集比较基线，保留来源与权限控制，并遵守边界：内容来自第二份专业 AI 知识包，已纳入默认检索。,20,"[""4d6a04e6-90c0-5d11-8138-13af2a13df74"", ""8115ec5d-4779-54b2-8ba6-802c8c51309c"", ""105da82a-66e2-56e1-8c42-a4e59f9f39eb""]","{""generated_for_v2_completion"": true, ""review_status"": ""pending_team_review""}"
d4fb25eb-41de-5ab8-b8f3-656de9e17651,RAG-SUB-semantic_chunking,short_answer,3,某团队准备在所有查询中无条件启用“语义切分”。请判断该方案是否合理，并给出至少三个验证或约束要点。,不合理。应先判断问题类型与知识结构是否匹配，使用固定测试集比较基线，保留来源与权限控制，并遵守边界：内容来自第二份专业 AI 知识包，已纳入默认检索。,20,"[""0c4a1fc0-f7b7-5938-ac59-3480504d9884"", ""fa8e1b86-4686-5dc5-8ccb-5ba10670f1b4"", ""f15cc804-34cf-5c32-b764-94757bc0721b""]","{""generated_for_v2_completion"": true, ""review_status"": ""pending_team_review""}"
19f4cc4a-d4df-5faa-9b1d-84cab40cf074,RAG-SUB-parent_child_multigranular,short_answer,3,某团队准备在所有查询中无条件启用“父子与多粒度检索”。请判断该方案是否合理，并给出至少三个验证或约束要点。,不合理。应先判断问题类型与知识结构是否匹配，使用固定测试集比较基线，保留来源与权限控制，并遵守边界：内容来自第二份专业 AI 知识包，已纳入默认检索。,20,"[""d1c1f809-fc4e-5e82-97fd-1cda7d936fb8"", ""acee56b3-5866-5cd3-b440-c1336cf66b10"", ""587e4bbe-396e-583f-baa4-ebece23d05b2""]","{""generated_for_v2_completion"": true, ""review_status"": ""pending_team_review""}"
f98e8001-0a9d-5d51-8fef-66a25f7cf2ca,RAG-SUB-metadata_schema,short_answer,2,某团队准备在所有查询中无条件启用“元数据Schema设计”。请判断该方案是否合理，并给出至少三个验证或约束要点。,不合理。应先判断问题类型与知识结构是否匹配，使用固定测试集比较基线，保留来源与权限控制，并遵守边界：内容来自第二份专业 AI 知识包，已纳入默认检索。,20,"[""51d0e527-641c-54bf-abd7-932e4a7b6911"", ""413e5128-75be-59f9-bb78-08db052bc10c"", ""85aaf6fd-417a-594b-be3d-6352e6f3571c""]","{""generated_for_v2_completion"": true, ""review_status"": ""pending_team_review""}"
3ce91c97-4e2c-5b78-a7e8-de553f836a8f,RAG-SUB-embedding_fundamentals,short_answer,2,某团队准备在所有查询中无条件启用“文本嵌入基础”。请判断该方案是否合理，并给出至少三个验证或约束要点。,不合理。应先判断问题类型与知识结构是否匹配，使用固定测试集比较基线，保留来源与权限控制，并遵守边界：内容来自第二份专业 AI 知识包，已纳入默认检索。,20,"[""6e015c9b-8abd-5ebf-9056-5571eb2498be"", ""62776882-bccb-5e7b-83d3-2c0e30b649f6"", ""492dde01-4d39-55fc-9e7d-b18b9ab64ef9""]","{""generated_for_v2_completion"": true, ""review_status"": ""pending_team_review""}"
7a5b9176-5dec-5379-a829-75a38d44a6c6,RAG-SUB-embedding_model_selection,short_answer,3,某团队准备在所有查询中无条件启用“嵌入模型选择”。请判断该方案是否合理，并给出至少三个验证或约束要点。,不合理。应先判断问题类型与知识结构是否匹配，使用固定测试集比较基线，保留来源与权限控制，并遵守边界：内容来自第二份专业 AI 知识包，已纳入默认检索。,20,"[""34c0f02c-aa2a-5b12-a506-1a7dbf53cb3e"", ""1332fae7-d5a5-504d-95da-f7cd050002d3"", ""b7580c5b-172c-553a-9db9-a61bed1867d7""]","{""generated_for_v2_completion"": true, ""review_status"": ""pending_team_review""}"
d626edb7-024b-5ad1-8b89-0bb1f7a0104a,RAG-SUB-similarity_metrics,short_answer,2,某团队准备在所有查询中无条件启用“向量相似度与归一化”。请判断该方案是否合理，并给出至少三个验证或约束要点。,不合理。应先判断问题类型与知识结构是否匹配，使用固定测试集比较基线，保留来源与权限控制，并遵守边界：内容来自第二份专业 AI 知识包，已纳入默认检索。,20,"[""ba70f2e7-dcbf-507d-bf6b-fc14b8893f58"", ""ab0bd4d9-1956-5ed3-9225-7a1b302dde12"", ""2ba5b086-4f1d-5527-90d7-b53b07833de3""]","{""generated_for_v2_completion"": true, ""review_status"": ""pending_team_review""}"
5c82ebd6-2ee0-5643-83a3-929d8481f0fb,RAG-SUB-vector_index_hnsw_ivf,short_answer,3,某团队准备在所有查询中无条件启用“向量索引与近似最近邻”。请判断该方案是否合理，并给出至少三个验证或约束要点。,不合理。应先判断问题类型与知识结构是否匹配，使用固定测试集比较基线，保留来源与权限控制，并遵守边界：内容来自第二份专业 AI 知识包，已纳入默认检索。,20,"[""bddadf61-d678-53b4-bf37-809d70da3c45"", ""457099e3-4745-5b97-911b-bd198511670d"", ""5a5a3785-a6ad-518c-bad3-8f1246ac057a""]","{""generated_for_v2_completion"": true, ""review_status"": ""pending_team_review""}"
92bca825-d7f9-5fac-b9b9-72f756a4f83f,RAG-SUB-bm25_sparse_retrieval,short_answer,2,某团队准备在所有查询中无条件启用“BM25与稀疏检索”。请判断该方案是否合理，并给出至少三个验证或约束要点。,不合理。应先判断问题类型与知识结构是否匹配，使用固定测试集比较基线，保留来源与权限控制，并遵守边界：内容来自第二份专业 AI 知识包，已纳入默认检索。,20,"[""4f5df64c-3c90-5305-bde9-10f52c86d299"", ""7d2f4659-e097-5407-8ee7-13f4bbd037e0"", ""1bd0a3a2-1fd4-5915-991f-ff16b7d58458""]","{""generated_for_v2_completion"": true, ""review_status"": ""pending_team_review""}"
550c6c73-6c38-5738-9e81-e3baca93c684,RAG-SUB-dense_retrieval,short_answer,2,某团队准备在所有查询中无条件启用“稠密语义检索”。请判断该方案是否合理，并给出至少三个验证或约束要点。,不合理。应先判断问题类型与知识结构是否匹配，使用固定测试集比较基线，保留来源与权限控制，并遵守边界：内容来自第二份专业 AI 知识包，已纳入默认检索。,20,"[""11208469-b4a2-50c5-8490-f115ad815da1"", ""cbc34a4e-b21a-551f-978b-fe222556a88d"", ""f876e22b-6a34-5c7a-b548-4aec090e952c""]","{""generated_for_v2_completion"": true, ""review_status"": ""pending_team_review""}"
f95f2629-357b-54e1-9014-fcb47e57ca56,RAG-SUB-hybrid_retrieval,short_answer,3,某团队准备在所有查询中无条件启用“混合检索”。请判断该方案是否合理，并给出至少三个验证或约束要点。,不合理。应先判断问题类型与知识结构是否匹配，使用固定测试集比较基线，保留来源与权限控制，并遵守边界：内容来自第二份专业 AI 知识包，已纳入默认检索。,20,"[""2f42aa46-8a49-5b27-a6a3-8c94ccd224d4"", ""3662d914-79e9-5eb5-8a6f-5a0dba032943"", ""d7c8127e-48af-5ad2-a366-eb292b7538de""]","{""generated_for_v2_completion"": true, ""review_status"": ""pending_team_review""}"
32a34973-1c65-5ea1-abb6-f71212784ff8,RAG-SUB-metadata_filtering,short_answer,2,某团队准备在所有查询中无条件启用“元数据过滤”。请判断该方案是否合理，并给出至少三个验证或约束要点。,不合理。应先判断问题类型与知识结构是否匹配，使用固定测试集比较基线，保留来源与权限控制，并遵守边界：内容来自第二份专业 AI 知识包，已纳入默认检索。,20,"[""41e50c8a-74f6-5e0d-86e1-c125e49e0c56"", ""e91645d8-90b2-59c8-a7d2-a976e7f2332a"", ""70a68260-3d53-5a86-81a6-b127c6f0bc97""]","{""generated_for_v2_completion"": true, ""review_status"": ""pending_team_review""}"
086c6df5-80ee-5a3b-8e3d-4709e9a9ffd6,RAG-SUB-multi_query_expansion,short_answer,3,某团队准备在所有查询中无条件启用“多查询与查询扩展”。请判断该方案是否合理，并给出至少三个验证或约束要点。,不合理。应先判断问题类型与知识结构是否匹配，使用固定测试集比较基线，保留来源与权限控制，并遵守边界：内容来自第二份专业 AI 知识包，已纳入默认检索。,20,"[""ff424ac9-b28a-5866-bee5-a9076996b9e6"", ""efff2d2d-6d6e-53d1-b90a-09bb2c094fac"", ""0a9529ca-d086-5348-b75c-60990ec69fb6""]","{""generated_for_v2_completion"": true, ""review_status"": ""pending_team_review""}"
28c62776-d32c-58bb-aa60-431afc55bd13,RAG-SUB-query_rewriting,short_answer,2,某团队准备在所有查询中无条件启用“查询改写”。请判断该方案是否合理，并给出至少三个验证或约束要点。,不合理。应先判断问题类型与知识结构是否匹配，使用固定测试集比较基线，保留来源与权限控制，并遵守边界：内容来自第二份专业 AI 知识包，已纳入默认检索。,20,"[""01c2c0a0-25c5-5257-ab4d-0e7f9c2755fc"", ""f1dc1dcb-21f3-5ab4-af52-68fc65dc9ac8"", ""0c2556ea-a6a8-5dfd-bf97-0fb37b08859a""]","{""generated_for_v2_completion"": true, ""review_status"": ""pending_team_review""}"
b6d489bf-da4f-52b7-a26c-a788695e267e,RAG-SUB-hyde_retrieval,short_answer,4,某团队准备在所有查询中无条件启用“HyDE假设文档检索”。请判断该方案是否合理，并给出至少三个验证或约束要点。,不合理。应先判断问题类型与知识结构是否匹配，使用固定测试集比较基线，保留来源与权限控制，并遵守边界：内容来自第二份专业 AI 知识包，已纳入默认检索。,20,"[""ef80789d-3da8-5ca4-9a76-6144c09a5b22"", ""0a89033f-a9ca-5295-9568-963b80348de3"", ""79acd5d0-18fc-5bd8-8453-5529afc30f6a""]","{""generated_for_v2_completion"": true, ""review_status"": ""pending_team_review""}"
fb6be8a3-634b-5cbd-a947-8eb1968b1616,RAG-SUB-cross_encoder_reranking,short_answer,3,某团队准备在所有查询中无条件启用“交叉编码器重排序”。请判断该方案是否合理，并给出至少三个验证或约束要点。,不合理。应先判断问题类型与知识结构是否匹配，使用固定测试集比较基线，保留来源与权限控制，并遵守边界：内容来自第二份专业 AI 知识包，已纳入默认检索。,20,"[""1dfc8e3d-18a8-53ac-9022-7d1e417d0781"", ""ee5fecde-7346-5991-9fd9-9046795965a7"", ""8e7ff60a-1868-5e5d-9f71-d501eb80d55f""]","{""generated_for_v2_completion"": true, ""review_status"": ""pending_team_review""}"
3be2f5b2-c152-5b3b-aa10-03b7eda08d32,RAG-SUB-colbert_late_interaction,short_answer,4,某团队准备在所有查询中无条件启用“ColBERT晚交互检索”。请判断该方案是否合理，并给出至少三个验证或约束要点。,不合理。应先判断问题类型与知识结构是否匹配，使用固定测试集比较基线，保留来源与权限控制，并遵守边界：内容来自第二份专业 AI 知识包，已纳入默认检索。,20,"[""9cf7d110-ca05-52b6-8f9c-14d194b5c408"", ""f06565e1-0635-5e2f-948a-ca7b094ca46e"", ""f84ebaa8-5957-5ebe-a6d1-e2297ddd9c84""]","{""generated_for_v2_completion"": true, ""review_status"": ""pending_team_review""}"
0ecc4d74-f04f-5f3e-bf35-f173b74b5745,RAG-SUB-diversity_mmr,short_answer,3,某团队准备在所有查询中无条件启用“MMR多样性选择”。请判断该方案是否合理，并给出至少三个验证或约束要点。,不合理。应先判断问题类型与知识结构是否匹配，使用固定测试集比较基线，保留来源与权限控制，并遵守边界：内容来自第二份专业 AI 知识包，已纳入默认检索。,20,"[""62affb3a-f1a1-5a9e-8618-0689ae25c096"", ""f741a4ac-f576-5d2f-9b12-16795041563e"", ""d41de4ee-abc5-54e4-9e6a-fbe79a2c5e39""]","{""generated_for_v2_completion"": true, ""review_status"": ""pending_team_review""}"
6f1e395b-1ca5-5a66-a203-f711e8d2738c,RAG-SUB-rank_fusion_rrf,short_answer,3,某团队准备在所有查询中无条件启用“RRF名次融合”。请判断该方案是否合理，并给出至少三个验证或约束要点。,不合理。应先判断问题类型与知识结构是否匹配，使用固定测试集比较基线，保留来源与权限控制，并遵守边界：内容来自第二份专业 AI 知识包，已纳入默认检索。,20,"[""828582a0-a278-50b6-a839-7995909f0e9d"", ""cdcbf128-38e9-561f-87dc-53729d83e34c"", ""4a159657-f71e-59ec-b621-be7f110fc35f""]","{""generated_for_v2_completion"": true, ""review_status"": ""pending_team_review""}"
ff1b16f5-fd4a-5284-978c-6427ab97027c,RAG-SUB-context_selection_budget,short_answer,3,某团队准备在所有查询中无条件启用“上下文选择与Token预算”。请判断该方案是否合理，并给出至少三个验证或约束要点。,不合理。应先判断问题类型与知识结构是否匹配，使用固定测试集比较基线，保留来源与权限控制，并遵守边界：内容来自第二份专业 AI 知识包，已纳入默认检索。,20,"[""81e2d927-b67b-5f17-bf12-61acad55a854"", ""4c953d28-62f4-5d25-b824-80755df795f0"", ""77cabe3b-40e3-5948-a7ba-70a6b45e3740""]","{""generated_for_v2_completion"": true, ""review_status"": ""pending_team_review""}"
7a5230f9-5b93-591e-8398-edf6e89037f1,RAG-SUB-lost_in_the_middle,short_answer,3,某团队准备在所有查询中无条件启用“长上下文位置效应”。请判断该方案是否合理，并给出至少三个验证或约束要点。,不合理。应先判断问题类型与知识结构是否匹配，使用固定测试集比较基线，保留来源与权限控制，并遵守边界：内容来自第二份专业 AI 知识包，已纳入默认检索。,20,"[""95555140-a1fc-5a3a-9675-391b62a56997"", ""d547baf9-0fa2-5459-bdb5-e2c96b33e751"", ""36b476ed-4673-5774-afd9-d09c55cbb0a4""]","{""generated_for_v2_completion"": true, ""review_status"": ""pending_team_review""}"
3cdf5966-5d5e-5868-959b-f8e2805efdfa,RAG-SUB-prompt_grounding,short_answer,2,某团队准备在所有查询中无条件启用“证据约束提示词”。请判断该方案是否合理，并给出至少三个验证或约束要点。,不合理。应先判断问题类型与知识结构是否匹配，使用固定测试集比较基线，保留来源与权限控制，并遵守边界：内容来自第二份专业 AI 知识包，已纳入默认检索。,20,"[""958351d4-786e-5b6f-b1b3-843c68fddd63"", ""b2ba6559-101c-5817-ae4f-f2082a131ce2"", ""86f8da6d-84eb-5fa7-8ad2-cb81f3f9de22""]","{""generated_for_v2_completion"": true, ""review_status"": ""pending_team_review""}"
2b4586d1-12b8-58c0-bc0f-ce5ce00595a3,RAG-SUB-answer_abstention,short_answer,3,某团队准备在所有查询中无条件启用“拒答与不确定性”。请判断该方案是否合理，并给出至少三个验证或约束要点。,不合理。应先判断问题类型与知识结构是否匹配，使用固定测试集比较基线，保留来源与权限控制，并遵守边界：内容来自第二份专业 AI 知识包，已纳入默认检索。,20,"[""43ce56a3-95de-5494-8ed8-0c3070ca0d73"", ""b5a43ac1-3331-5b20-9751-d9f684b83875"", ""02c36bda-b814-5ad0-8bde-e3b01abc54bb""]","{""generated_for_v2_completion"": true, ""review_status"": ""pending_team_review""}"
967b5d99-7bce-5da8-880c-87a44772ff97,RAG-SUB-citation_generation_verification,short_answer,3,某团队准备在所有查询中无条件启用“引用生成与验证”。请判断该方案是否合理，并给出至少三个验证或约束要点。,不合理。应先判断问题类型与知识结构是否匹配，使用固定测试集比较基线，保留来源与权限控制，并遵守边界：内容来自第二份专业 AI 知识包，已纳入默认检索。,20,"[""c9265043-5804-53d2-a0ab-ef2cfa72e582"", ""8a8ceb98-6cfb-50e7-9554-5051d571c7ca"", ""b50d60b1-0276-57d8-9506-c5a791c1cc63""]","{""generated_for_v2_completion"": true, ""review_status"": ""pending_team_review""}"
b6812409-13b9-57f6-a072-c44dcfe7f26f,RAG-SUB-hallucination_types,short_answer,2,某团队准备在所有查询中无条件启用“幻觉类型与根因”。请判断该方案是否合理，并给出至少三个验证或约束要点。,不合理。应先判断问题类型与知识结构是否匹配，使用固定测试集比较基线，保留来源与权限控制，并遵守边界：内容来自第二份专业 AI 知识包，已纳入默认检索。,20,"[""4004aa3a-6d55-58f6-b1f5-0ff142cb4a4c"", ""d98c91d8-22c1-551c-9735-8c0cc26b112c"", ""9c349666-7428-526d-93d2-978ed06f2ed9""]","{""generated_for_v2_completion"": true, ""review_status"": ""pending_team_review""}"
92958447-4493-5d06-9582-8a1e933c299c,RAG-SUB-evidence_entailment,short_answer,4,某团队准备在所有查询中无条件启用“证据支持关系检查”。请判断该方案是否合理，并给出至少三个验证或约束要点。,不合理。应先判断问题类型与知识结构是否匹配，使用固定测试集比较基线，保留来源与权限控制，并遵守边界：内容来自第二份专业 AI 知识包，已纳入默认检索。,20,"[""55011292-1aa4-5803-a526-d964e4a1f2f6"", ""52ef18bc-42bb-51c5-94a2-d0b23199fb51"", ""7552ede9-34c4-58c2-abad-4765f60d9c56""]","{""generated_for_v2_completion"": true, ""review_status"": ""pending_team_review""}"
1df02ebd-8eb5-5b97-9dfd-3468c68f6648,RAG-SUB-review_correction_loop,short_answer,3,某团队准备在所有查询中无条件启用“审核与纠偏闭环”。请判断该方案是否合理，并给出至少三个验证或约束要点。,不合理。应先判断问题类型与知识结构是否匹配，使用固定测试集比较基线，保留来源与权限控制，并遵守边界：内容来自第二份专业 AI 知识包，已纳入默认检索。,20,"[""c8673259-de63-5c62-9afb-e6f09e0a347a"", ""41dd4738-030d-5383-97ff-2160eb66e5d4"", ""547fcd97-c1cb-5247-accf-02b3db9b7d18""]","{""generated_for_v2_completion"": true, ""review_status"": ""pending_team_review""}"
c8d70cd8-087d-5a96-b774-939833fe4515,RAG-SUB-prompt_injection_defense,short_answer,4,某团队准备在所有查询中无条件启用“提示词注入防护”。请判断该方案是否合理，并给出至少三个验证或约束要点。,不合理。应先判断问题类型与知识结构是否匹配，使用固定测试集比较基线，保留来源与权限控制，并遵守边界：内容来自第二份专业 AI 知识包，已纳入默认检索。,20,"[""fead8104-9c55-5a16-b8e5-5443249199bd"", ""bdc24c49-cafd-5d8f-9298-38c932396afc"", ""737b89f4-10a8-5416-bcd6-9ecb0f67e1df""]","{""generated_for_v2_completion"": true, ""review_status"": ""pending_team_review""}"
786bce9c-c527-5ef2-ac2d-72bdfbca868d,RAG-SUB-sensitive_data_privacy,short_answer,3,某团队准备在所有查询中无条件启用“敏感数据与隐私保护”。请判断该方案是否合理，并给出至少三个验证或约束要点。,不合理。应先判断问题类型与知识结构是否匹配，使用固定测试集比较基线，保留来源与权限控制，并遵守边界：内容来自第二份专业 AI 知识包，已纳入默认检索。,20,"[""5c0d0769-341f-5e99-931e-bb7f3beb4dca"", ""82aff707-90af-5295-9ca6-125e7e7426e1"", ""5c6f0b67-5f5e-5ee7-9e6b-ddeab1555fb0""]","{""generated_for_v2_completion"": true, ""review_status"": ""pending_team_review""}"
ce6b4f74-dedf-541e-95dc-50fd756ffc92,RAG-SUB-retrieval_metrics,short_answer,2,某团队准备在所有查询中无条件启用“检索评测指标”。请判断该方案是否合理，并给出至少三个验证或约束要点。,不合理。应先判断问题类型与知识结构是否匹配，使用固定测试集比较基线，保留来源与权限控制，并遵守边界：内容来自第二份专业 AI 知识包，已纳入默认检索。,20,"[""9ffaa25f-998d-5c82-b4ef-1ecfe093b81a"", ""2e9f7564-9ef7-5f56-8ff4-ed90d295d328"", ""140e9fe4-73e1-5cff-95f6-5d9de26ee282""]","{""generated_for_v2_completion"": true, ""review_status"": ""pending_team_review""}"
1215fab6-4e39-55e3-987c-7a33321c6010,RAG-SUB-generation_metrics,short_answer,3,某团队准备在所有查询中无条件启用“生成质量指标”。请判断该方案是否合理，并给出至少三个验证或约束要点。,不合理。应先判断问题类型与知识结构是否匹配，使用固定测试集比较基线，保留来源与权限控制，并遵守边界：内容来自第二份专业 AI 知识包，已纳入默认检索。,20,"[""3643e96e-c739-59b7-ab11-37fa92fc22cb"", ""046667c6-af7e-5565-8d7c-050ba92baa46"", ""af89e5cd-b4ff-5b13-9fef-9f9371ef3658""]","{""generated_for_v2_completion"": true, ""review_status"": ""pending_team_review""}"
aa0bedc0-7c2e-5ef8-8fa1-746242a889cc,RAG-SUB-end_to_end_evaluation,short_answer,3,某团队准备在所有查询中无条件启用“端到端RAG评测”。请判断该方案是否合理，并给出至少三个验证或约束要点。,不合理。应先判断问题类型与知识结构是否匹配，使用固定测试集比较基线，保留来源与权限控制，并遵守边界：内容来自第二份专业 AI 知识包，已纳入默认检索。,20,"[""35a6c4ac-739e-5c3e-a06e-a7f1b49a6013"", ""ae052256-98e6-59c2-bbf5-635fb3fdeb31"", ""f68ba6b5-36e1-51c5-a62d-76a0de8a704d""]","{""generated_for_v2_completion"": true, ""review_status"": ""pending_team_review""}"
8236cad0-54f0-5eda-9b80-701f175a31f9,RAG-SUB-golden_dataset_design,short_answer,3,某团队准备在所有查询中无条件启用“黄金评测集设计”。请判断该方案是否合理，并给出至少三个验证或约束要点。,不合理。应先判断问题类型与知识结构是否匹配，使用固定测试集比较基线，保留来源与权限控制，并遵守边界：内容来自第二份专业 AI 知识包，已纳入默认检索。,20,"[""65611a89-5f05-5001-a966-eed813d96857"", ""3fa7381a-e770-5be3-b68f-74bd4eb991fb"", ""b2da3781-04bb-5cfb-a573-9f6c16005a7b""]","{""generated_for_v2_completion"": true, ""review_status"": ""pending_team_review""}"
1c32c4b4-ebda-5538-ab82-16e14ad3bf1d,RAG-SUB-online_monitoring_feedback,short_answer,4,某团队准备在所有查询中无条件启用“在线监控与反馈”。请判断该方案是否合理，并给出至少三个验证或约束要点。,不合理。应先判断问题类型与知识结构是否匹配，使用固定测试集比较基线，保留来源与权限控制，并遵守边界：内容来自第二份专业 AI 知识包，已纳入默认检索。,20,"[""f1fe38d5-d480-5e42-96f4-e76a9bd80947"", ""7fd9f6e2-be8e-50f0-b652-8fb3bd319f6f"", ""28b8a20e-994c-5e97-b731-e1e4464c3add""]","{""generated_for_v2_completion"": true, ""review_status"": ""pending_team_review""}"
63d278eb-8561-5273-80fb-178d29dea968,RAG-SUB-agentic_rag,short_answer,4,某团队准备在所有查询中无条件启用“Agentic RAG”。请判断该方案是否合理，并给出至少三个验证或约束要点。,不合理。应先判断问题类型与知识结构是否匹配，使用固定测试集比较基线，保留来源与权限控制，并遵守边界：内容来自第二份专业 AI 知识包，已纳入默认检索。,20,"[""641ba45a-3bcf-534a-be98-bed08a961ed2"", ""a8b88d1c-10bf-5316-87d4-d83837b55fcf"", ""ff5e5cb9-8577-5a96-9aff-6723e270b106""]","{""generated_for_v2_completion"": true, ""review_status"": ""pending_team_review""}"
824d6daa-42e3-55a4-b48c-fa9daa94857d,RAG-SUB-self_rag,short_answer,5,某团队准备在所有查询中无条件启用“Self-RAG自反思检索生成”。请判断该方案是否合理，并给出至少三个验证或约束要点。,不合理。应先判断问题类型与知识结构是否匹配，使用固定测试集比较基线，保留来源与权限控制，并遵守边界：内容来自第二份专业 AI 知识包，已纳入默认检索。,20,"[""2f4d7994-5f55-55a5-a7ee-2b2ca44a1ca3"", ""d1dd9220-fef8-57a0-8a9d-7835be23900d"", ""912503c9-9d87-50ac-822a-daee3a2cca54""]","{""generated_for_v2_completion"": true, ""review_status"": ""pending_team_review""}"
30d7e825-dab6-57c5-bcae-49f6c53fe938,RAG-SUB-corrective_rag,short_answer,4,某团队准备在所有查询中无条件启用“Corrective RAG”。请判断该方案是否合理，并给出至少三个验证或约束要点。,不合理。应先判断问题类型与知识结构是否匹配，使用固定测试集比较基线，保留来源与权限控制，并遵守边界：内容来自第二份专业 AI 知识包，已纳入默认检索。,20,"[""bee26bdc-7484-593f-9eef-5165bf129689"", ""e6ca280e-506d-57e9-8103-aa5977ce2067"", ""2e27ee7a-694e-5a2f-88c9-d63de29270bc""]","{""generated_for_v2_completion"": true, ""review_status"": ""pending_team_review""}"
644f604e-fe97-5a13-a90a-b8f6278e493f,RAG-SUB-graph_rag,short_answer,5,某团队准备在所有查询中无条件启用“Graph RAG”。请判断该方案是否合理，并给出至少三个验证或约束要点。,不合理。应先判断问题类型与知识结构是否匹配，使用固定测试集比较基线，保留来源与权限控制，并遵守边界：内容来自第二份专业 AI 知识包，已纳入默认检索。,20,"[""6ea62f3c-a09f-52a8-9e36-25516d0b82d3"", ""0155c732-461a-5882-9f76-a69e4abb4ff0"", ""cccb4d5f-2262-5bf5-a273-19932845acc5""]","{""generated_for_v2_completion"": true, ""review_status"": ""pending_team_review""}"
6fa1df0a-92ba-5e69-b89f-41068149a621,RAG-SUB-tool_routing_multi_source,short_answer,4,某团队准备在所有查询中无条件启用“多源路由与工具选择”。请判断该方案是否合理，并给出至少三个验证或约束要点。,不合理。应先判断问题类型与知识结构是否匹配，使用固定测试集比较基线，保留来源与权限控制，并遵守边界：内容来自第二份专业 AI 知识包，已纳入默认检索。,20,"[""1c0a2a53-7d43-54df-928f-1e5e04f27f91"", ""42cd8792-1319-5b63-9754-97819d621db3"", ""0ea0f4c3-cb15-5ea2-a6f0-d5fa4106409d""]","{""generated_for_v2_completion"": true, ""review_status"": ""pending_team_review""}"
7c5f3f22-732f-5e5d-a01d-e6693ac06497,RAG-SUB-observability_tracing,short_answer,3,某团队准备在所有查询中无条件启用“可观测性与链路追踪”。请判断该方案是否合理，并给出至少三个验证或约束要点。,不合理。应先判断问题类型与知识结构是否匹配，使用固定测试集比较基线，保留来源与权限控制，并遵守边界：内容来自第二份专业 AI 知识包，已纳入默认检索。,20,"[""a3c9cfeb-0f14-5e9a-afb7-db73a42e21d7"", ""ce87e42e-ddfe-54ba-9703-a6a72e013d2f"", ""f00df153-4cbc-5d28-b2cf-13acb1252bee""]","{""generated_for_v2_completion"": true, ""review_status"": ""pending_team_review""}"
2d657b7e-777a-5dee-a52b-ad75993b09d1,RAG-SUB-latency_cost_optimization,short_answer,4,某团队准备在所有查询中无条件启用“延迟与成本优化”。请判断该方案是否合理，并给出至少三个验证或约束要点。,不合理。应先判断问题类型与知识结构是否匹配，使用固定测试集比较基线，保留来源与权限控制，并遵守边界：内容来自第二份专业 AI 知识包，已纳入默认检索。,20,"[""ba5ebf83-e152-5a61-a6e8-37377eb8f70d"", ""60a19eb4-9eee-5ab1-bfbc-442bd1f5531f"", ""8a5a3478-34e4-5baa-a30a-6aaa4e0ee516""]","{""generated_for_v2_completion"": true, ""review_status"": ""pending_team_review""}"
bed16005-970a-55b3-8526-f0e098c41122,RAG-SUB-caching_idempotency,short_answer,3,某团队准备在所有查询中无条件启用“缓存与幂等”。请判断该方案是否合理，并给出至少三个验证或约束要点。,不合理。应先判断问题类型与知识结构是否匹配，使用固定测试集比较基线，保留来源与权限控制，并遵守边界：内容来自第二份专业 AI 知识包，已纳入默认检索。,20,"[""8f218073-5343-59f7-bbe8-291e8136b553"", ""8a8b0f90-3e0c-505f-8281-06ab2a754bc1"", ""c610fd55-b8c8-57cb-afba-f7add67b2765""]","{""generated_for_v2_completion"": true, ""review_status"": ""pending_team_review""}"
353575df-6569-5a3e-9f96-2f3258bb4bf3,RAG-SUB-deployment_fallback,short_answer,4,某团队准备在所有查询中无条件启用“部署与降级”。请判断该方案是否合理，并给出至少三个验证或约束要点。,不合理。应先判断问题类型与知识结构是否匹配，使用固定测试集比较基线，保留来源与权限控制，并遵守边界：内容来自第二份专业 AI 知识包，已纳入默认检索。,20,"[""c2ed1009-3551-5629-9c3a-8e6280594ad8"", ""569c15e7-5307-5056-9948-d4f7a9bd0ce5"", ""7ad3eee5-8b6c-599f-a92f-543d1abf6735""]","{""generated_for_v2_completion"": true, ""review_status"": ""pending_team_review""}"
33ae238f-a8c5-500a-9333-1eaeffb8c8bc,RAG-SUB-continuous_updates_regression,short_answer,4,某团队准备在所有查询中无条件启用“持续更新与回归”。请判断该方案是否合理，并给出至少三个验证或约束要点。,不合理。应先判断问题类型与知识结构是否匹配，使用固定测试集比较基线，保留来源与权限控制，并遵守边界：内容来自第二份专业 AI 知识包，已纳入默认检索。,20,"[""124686f1-ec2d-5db8-9c43-9de0dea634f1"", ""e8253c2b-0e9f-5f8a-815b-1139a7e9d199"", ""c666dd13-0713-5bc6-9b75-bd1e8815731d""]","{""generated_for_v2_completion"": true, ""review_status"": ""pending_team_review""}"
