chunk_id,evidence_id,knowledge_node_id,module_id,title,content,difficulty_level,source_ids,content_status,review_status
4b400c7e-2381-5a49-af38-a222398a6963,30aa7214-53ca-50c1-ba4d-3a8dc49a2e34,RAG-M01-N01,RAG-M01,RAG的定义、目标与边界：核心定义,"知识点：RAG的定义、目标与边界
主题：核心定义
RAG把检索器与生成模型组合起来：检索器从显式知识源中返回与任务相关的证据，生成模型再依据任务指令与证据组织输出。知识主要保存在可更新的外部存储中，而不是全部依赖模型参数记忆。
适用边界：不把RAG等同于模型微调；不承诺绝对零幻觉；知识库外问题应拒答或转人工",1,"[""SRC-RAG-LEWIS-2020""]",trusted_core,candidate_validated
e2b3cfad-fc5f-5b04-936b-554d78fa1bd4,c170ae95-9b55-5e85-9857-46a84b4e7711,RAG-M01-N01,RAG-M01,RAG的定义、目标与边界：主要工程价值,"知识点：RAG的定义、目标与边界
主题：主要工程价值
企业或课程知识发生变化时，可以更新文档、切片和索引，而不必为了每次事实变化重新训练大模型。证据项还能绑定文档、版本和片段编号，为审核、追责和回归测试提供基础。
适用边界：不把RAG等同于模型微调；不承诺绝对零幻觉；知识库外问题应拒答或转人工",1,"[""SRC-RAG-LEWIS-2020"", ""SRC-NIST-AI-RMF""]",trusted_core,candidate_validated
dd3d90e4-259d-5727-9ec1-629521d28635,6651205b-2e94-5f91-a6db-34d0af08c3e0,RAG-M01-N01,RAG-M01,RAG的定义、目标与边界：不等于事实保证,"知识点：RAG的定义、目标与边界
主题：不等于事实保证
检索到正确证据并不意味着最终输出一定正确。系统仍可能出现漏检、误检、证据冲突、上下文截断、指令误解和无依据扩写，因此必须分别评测检索质量与生成忠实度，并设置拒答和审核机制。
适用边界：不把RAG等同于模型微调；不承诺绝对零幻觉；知识库外问题应拒答或转人工",1,"[""SRC-RAGAS-2023"", ""SRC-NIST-AI-RMF""]",trusted_core,candidate_validated
905bcd9d-8eb9-5b60-8390-040dd2611ff3,f27b31af-a9cf-5abc-bd1b-a61c4a459ff3,RAG-M01-N01,RAG-M01,RAG的定义、目标与边界：本项目中的角色,"知识点：RAG的定义、目标与边界
主题：本项目中的角色
在个性化培训系统中，知识库提供专业事实和实操规范；诊断结果决定检索目标；资源生成智能体据此生成讲义、案例或练习；审核智能体检查每个关键结论是否被证据支持。
适用边界：不把RAG等同于模型微调；不承诺绝对零幻觉；知识库外问题应拒答或转人工",1,"[""SRC-COMPETITION-XH-202630""]",trusted_core,candidate_validated
548555a1-edcb-540c-9f2b-517b34f69f2f,e03a7e60-d324-5f5e-834f-7381739e0810,RAG-M01-N02,RAG-M01,RAG端到端流水线与责任分层：离线知识构建,"知识点：RAG端到端流水线与责任分层
主题：离线知识构建
离线阶段负责资料登记、解析、清洗、切片、元数据补全、嵌入或关键词索引、图关系构建、质量评测和版本发布。只有通过门禁的知识库版本才允许被在线工作流使用。
适用边界：在线流程不得使用未发布知识版本；关键状态必须可回放；每个环节必须有失败和降级路径",1,"[""SRC-NIST-AI-RMF"", ""SRC-LLAMAINDEX-HIERARCHY""]",trusted_core,candidate_validated
242186c8-f390-5935-bed9-0fa17094a7f8,01c56b02-c15f-576b-9b9d-68c47d67916b,RAG-M01-N02,RAG-M01,RAG端到端流水线与责任分层：在线查询链路,"知识点：RAG端到端流水线与责任分层
主题：在线查询链路
在线阶段通常包括意图识别、查询改写、权限与元数据过滤、候选召回、融合或重排、上下文压缩、受约束生成、引用绑定和结果审核。复杂场景还会加入多步检索和工具调用。
适用边界：在线流程不得使用未发布知识版本；关键状态必须可回放；每个环节必须有失败和降级路径",1,"[""SRC-OPENSEARCH-HYBRID"", ""SRC-RAGAS-2023""]",trusted_core,candidate_validated
08a15c40-43f6-592a-9412-9e76eaf2b074,4f80f1b6-c99f-5f35-8eac-065eadf712ad,RAG-M01-N02,RAG-M01,RAG端到端流水线与责任分层：阶段责任隔离,"知识点：RAG端到端流水线与责任分层
主题：阶段责任隔离
检索器负责找到尽可能相关的证据，生成器负责在证据范围内完成任务，审核器负责验证事实、引用、难度和格式。把三者混成一个不可观测调用，会导致问题发生后无法定位根因。
适用边界：在线流程不得使用未发布知识版本；关键状态必须可回放；每个环节必须有失败和降级路径",1,"[""SRC-RAGAS-2023"", ""SRC-COMPETITION-XH-202630""]",trusted_core,candidate_validated
bf90160b-8b40-5349-8d12-f3df4d5a4521,0cbdabc0-1c7f-5315-b264-d7240cc87b5d,RAG-M01-N02,RAG-M01,RAG端到端流水线与责任分层：可观测与回放,"知识点：RAG端到端流水线与责任分层
主题：可观测与回放
每次运行应记录知识库版本、查询、过滤条件、命中片段、排名、模型和提示词版本、最终引用、审核结论及耗时。这样才能重放失败案例、比较版本并证明指标来自真实运行。
适用边界：在线流程不得使用未发布知识版本；关键状态必须可回放；每个环节必须有失败和降级路径",1,"[""SRC-NIST-AI-RMF""]",trusted_core,candidate_validated
ef953a32-872c-596e-86d4-3bb0dfbcb644,f2b2fa8a-fee3-586e-bbc3-98b5ecb5f1af,RAG-M01-N03,RAG-M01,RAG、微调、长上下文与工具调用的选择：RAG适用条件,"知识点：RAG、微调、长上下文与工具调用的选择
主题：RAG适用条件
当知识频繁更新、来源必须可追溯、不同租户拥有不同资料或需要权限过滤时，RAG通常优于把事实写入模型参数。知识版本可以独立发布和回滚。
适用边界：方案选择必须记录业务前提；实时数据优先使用工具查询；高频更新事实不得只依赖微调记忆",2,"[""SRC-RAG-LEWIS-2020""]",trusted_core,candidate_validated
01eb77ce-08e4-5b32-9fa3-87a57c9daa74,3bbdce74-b29f-52ac-8394-06056f2e85f0,RAG-M01-N03,RAG-M01,RAG、微调、长上下文与工具调用的选择：微调的主要位置,"知识点：RAG、微调、长上下文与工具调用的选择
主题：微调的主要位置
监督微调或参数高效微调更适合稳定输出格式、领域表达习惯、分类判定和工具选择模式。它不能天然提供文档级引用，也不适合作为高频变化事实的唯一存储。
适用边界：方案选择必须记录业务前提；实时数据优先使用工具查询；高频更新事实不得只依赖微调记忆",2,"[""SRC-RAG-LEWIS-2020""]",trusted_core,candidate_validated
823e104d-d7b2-540c-b330-6b362ebfd7a2,bdafa642-49da-5f6f-897b-a1302eae874a,RAG-M01-N03,RAG-M01,RAG、微调、长上下文与工具调用的选择：长上下文的限制,"知识点：RAG、微调、长上下文与工具调用的选择
主题：长上下文的限制
把整批资料直接放入上下文可以减少索引工程，但成本、延迟和噪声会随材料增长；研究也显示相关信息位于长上下文不同位置时，模型利用效果可能明显变化。
适用边界：方案选择必须记录业务前提；实时数据优先使用工具查询；高频更新事实不得只依赖微调记忆",2,"[""SRC-LOST-MIDDLE-2024""]",trusted_core,candidate_validated
cd8e2dd5-9256-55aa-8650-50be6ff65757,135c2547-e958-5725-b386-ba992f9a2714,RAG-M01-N03,RAG-M01,RAG、微调、长上下文与工具调用的选择：工具调用的职责,"知识点：RAG、微调、长上下文与工具调用的选择
主题：工具调用的职责
当任务要求查询结构化数据库、执行代码、计算指标或调用业务系统时，应使用受权限控制的工具，而不是让模型根据文档猜测实时结果。RAG负责提供知识，工具负责执行可验证动作。
适用边界：方案选择必须记录业务前提；实时数据优先使用工具查询；高频更新事实不得只依赖微调记忆",2,"[""SRC-NIST-AI-RMF""]",trusted_core,candidate_validated
5a6683ce-10d9-57cd-a6ce-61ad22e80d04,3ed623c7-fb38-5e39-bc64-befbff600e5a,RAG-M01-N04,RAG-M01,需求分析、成功指标与RAG架构决策：先定义用户任务,"知识点：需求分析、成功指标与RAG架构决策
主题：先定义用户任务
需求文档需要说明谁在什么情境下提出什么问题、可接受哪些来源、哪些答案必须拒答、错误会造成什么后果。仅写“做一个智能知识库”无法指导切片、权限和评测。
适用边界：每项指标必须给出计算口径；评测集需版本化并防止泄漏；架构选择必须能回溯到知识形态和问题类型",2,"[""SRC-NIST-AI-RMF""]",trusted_core,candidate_validated
33cf3623-bb8a-533f-84a0-68419faf0e20,f48d4afb-0300-5ea2-a1e3-aad1427e3a34,RAG-M01-N04,RAG-M01,需求分析、成功指标与RAG架构决策：建立黄金问题集,"知识点：需求分析、成功指标与RAG架构决策
主题：建立黄金问题集
在开发索引前先收集代表性问题、期望证据、可接受答案要点和拒答样例。黄金集应覆盖事实、比较、步骤、故障排查、多跳关系和越权请求，后续所有版本都运行回归。
适用边界：每项指标必须给出计算口径；评测集需版本化并防止泄漏；架构选择必须能回溯到知识形态和问题类型",2,"[""SRC-RAGAS-2023"", ""SRC-NIST-AI-RMF""]",trusted_core,candidate_validated
e63901d5-ec70-5394-aa46-95d241668fe6,0a53a5bd-4026-5071-82ac-2b8e27cba817,RAG-M01-N04,RAG-M01,需求分析、成功指标与RAG架构决策：指标分层,"知识点：需求分析、成功指标与RAG架构决策
主题：指标分层
检索层关注Hit Rate、Recall、MRR、nDCG和上下文精度；生成层关注事实忠实度、引用正确率、完整性和拒答正确率；系统层关注P95时延、成本、失败率、恢复能力与用户任务完成率。
适用边界：每项指标必须给出计算口径；评测集需版本化并防止泄漏；架构选择必须能回溯到知识形态和问题类型",2,"[""SRC-RAGAS-2023""]",trusted_core,candidate_validated
2b5fa342-2290-5214-9f3c-896526ac3313,3d5cd78b-15d8-54f0-b2b4-db02eb10b962,RAG-M01-N04,RAG-M01,需求分析、成功指标与RAG架构决策：知识形态驱动架构,"知识点：需求分析、成功指标与RAG架构决策
主题：知识形态驱动架构
独立短事实适合混合检索；长层级文档适合父子检索；实体关系和多跳问题适合图检索；规则表和实时指标适合结构化查询；代码问题需要符号和调用关系索引。
适用边界：每项指标必须给出计算口径；评测集需版本化并防止泄漏；架构选择必须能回溯到知识形态和问题类型",2,"[""SRC-GRAPHRAG-OFFICIAL"", ""SRC-LLAMAINDEX-HIERARCHY""]",trusted_core,candidate_validated
ef07702c-5ca8-56e8-8585-5a4e8f00780f,3e812057-6f3c-58b4-879c-b84b70205ca3,RAG-M02-N01,RAG-M02,知识源治理、可信等级与准入：来源登记,"知识点：知识源治理、可信等级与准入
主题：来源登记
每份资料至少登记文档ID、标题、发布机构、版本或日期、获取渠道、授权状态、适用范围、负责人、校验时间和内容哈希。缺少关键元数据的资料只能进入隔离区，不能直接发布。
适用边界：未授权敏感资料不得入库；模型生成草稿不得自动发布；过期来源必须支持撤回与影响分析",1,"[""SRC-NIST-AI-RMF""]",trusted_core,candidate_validated
ebc8bf47-fcbf-5faa-b2e8-8e24df7de2f2,7e8f9330-fd2c-5cf2-aee7-1101bd092085,RAG-M02-N01,RAG-M02,知识源治理、可信等级与准入：可信等级,"知识点：知识源治理、可信等级与准入
主题：可信等级
可以把法规、标准、官方文档和已审核内部制度设为高可信；专家审阅材料为中高可信；论坛、博客和模型生成草稿为候选来源。检索与审核时应把可信等级纳入排序和冲突裁决。
适用边界：未授权敏感资料不得入库；模型生成草稿不得自动发布；过期来源必须支持撤回与影响分析",1,"[""SRC-NIST-AI-RMF""]",trusted_core,candidate_validated
527f2a0c-ae66-5f73-ad29-6d9eb5db5c79,33ddfbdd-4719-5f27-bf5d-b22f52551dcf,RAG-M02-N01,RAG-M02,知识源治理、可信等级与准入：派生内容可追溯,"知识点：知识源治理、可信等级与准入
主题：派生内容可追溯
摘要、切片、实体关系、题目和讲义都必须保留到原始资料的血缘。任何派生内容被修改时，应记录操作者、时间、变更原因和受影响的知识节点。
适用边界：未授权敏感资料不得入库；模型生成草稿不得自动发布；过期来源必须支持撤回与影响分析",1,"[""SRC-NIST-AI-RMF"", ""SRC-COMPETITION-XH-202630""]",trusted_core,candidate_validated
268d814f-650b-5285-8b74-5140505cd684,19a5d2af-6eb3-5673-b2cb-087fac1fa0be,RAG-M02-N01,RAG-M02,知识源治理、可信等级与准入：冲突与失效,"知识点：知识源治理、可信等级与准入
主题：冲突与失效
当不同来源结论冲突时，系统不能简单平均或任选一个。应按权威性、适用时间、适用对象和版本生效范围做裁决；无法确定时标记冲突并转人工审核。
适用边界：未授权敏感资料不得入库；模型生成草稿不得自动发布；过期来源必须支持撤回与影响分析",1,"[""SRC-NIST-AI-RMF""]",trusted_core,candidate_validated
7b42eb32-7cc8-5870-a703-2b64cc6e937e,507145bd-82bf-57de-ba2c-02e7c516d149,RAG-M02-N02,RAG-M02,文档解析、清洗与结构保真：按文件类型选择解析器,"知识点：文档解析、清洗与结构保真
主题：按文件类型选择解析器
Markdown、HTML、DOCX、原生PDF、扫描PDF、表格和代码仓库需要不同解析策略。优先使用原生文本和结构信息；只有没有可靠文本层时才使用OCR，并保留OCR置信度。
适用边界：保留原始文件和解析版本；关键资料解析失败必须阻断发布；OCR结果需标记置信度与人工复核状态",2,"[""SRC-LLAMAINDEX-HIERARCHY""]",trusted_core,candidate_validated
f378f42a-c50c-5f24-a63e-99106ce2a6ff,459f4320-ffba-555d-9b05-e679be68ff95,RAG-M02-N02,RAG-M02,文档解析、清洗与结构保真：结构保真,"知识点：文档解析、清洗与结构保真
主题：结构保真
解析结果应保留章节路径、页码、表格行列、代码语言、列表层级、图片说明和前后节点关系。结构字段既用于切片，也用于引用定位和父子检索。
适用边界：保留原始文件和解析版本；关键资料解析失败必须阻断发布；OCR结果需标记置信度与人工复核状态",2,"[""SRC-LLAMAINDEX-HIERARCHY""]",trusted_core,candidate_validated
5f92f712-f6f3-516b-b8ea-08d0d4f1b6f1,44da0ddb-5f54-55a7-a6d2-dd3665dbd829,RAG-M02-N02,RAG-M02,文档解析、清洗与结构保真：清洗原则,"知识点：文档解析、清洗与结构保真
主题：清洗原则
删除重复页眉页脚、导航噪声和空白，但不能把否定词、单位、表格标题或代码缩进误删。清洗步骤必须可重放，并保存原始文本、清洗文本和差异摘要。
适用边界：保留原始文件和解析版本；关键资料解析失败必须阻断发布；OCR结果需标记置信度与人工复核状态",2,"[""SRC-NIST-AI-RMF""]",trusted_core,candidate_validated
35ed6e33-5e4a-53ad-b2a3-5465ec73bddd,d3ec5725-8e5f-57b6-aec7-c0f45172e0bb,RAG-M02-N02,RAG-M02,文档解析、清洗与结构保真：解析验收,"知识点：文档解析、清洗与结构保真
主题：解析验收
抽样检查字符完整率、标题识别率、表格保真率、代码块完整率和页码定位。关键资料应设置人工抽检比例；低于阈值时阻止进入切片和索引阶段。
适用边界：保留原始文件和解析版本；关键资料解析失败必须阻断发布；OCR结果需标记置信度与人工复核状态",2,"[""SRC-NIST-AI-RMF""]",trusted_core,candidate_validated
47998d15-d7af-59ba-8dd6-095131da932e,afb69292-46aa-55c7-b4b5-5b895d9d4513,RAG-M02-N03,RAG-M02,切片策略、语义边界与父子结构：语义完整性优先,"知识点：切片策略、语义边界与父子结构
主题：语义完整性优先
一个切片应尽量围绕单一可回答主题，保留定义、条件、例外和结论。跨标题、把否定条件拆开或把表头与数据分离，都会产生表面相关但不可用的证据。
适用边界：切片必须保留来源位置；参数变更要创建新索引版本；不得把表头、否定条件与正文分离",2,"[""SRC-LLAMAINDEX-HIERARCHY""]",trusted_core,candidate_validated
83f9c8b4-7573-53a1-bd3e-f44ca43ec392,42e17c0b-2db3-52ac-b398-eca5dc702b4f,RAG-M02-N03,RAG-M02,切片策略、语义边界与父子结构：长度与重叠权衡,"知识点：切片策略、语义边界与父子结构
主题：长度与重叠权衡
切片过小会丢失上下文并增加碎片；过大会混入多个主题并降低上下文精度。重叠可减少边界损失，但会增加索引体积和重复结果。参数必须通过Hit Rate、MRR和上下文精度比较。
适用边界：切片必须保留来源位置；参数变更要创建新索引版本；不得把表头、否定条件与正文分离",2,"[""SRC-RAGAS-2023""]",trusted_core,candidate_validated
a65781f0-ab25-562c-989d-330d499eb70d,f4b2772e-9f5f-5419-9b2b-cd8a22ef39de,RAG-M02-N03,RAG-M02,切片策略、语义边界与父子结构：父子层级,"知识点：切片策略、语义边界与父子结构
主题：父子层级
长文档可同时保存较小的叶子节点和较大的父节点。检索用叶子节点提高定位精度，返回上下文时再补充父节点，从而兼顾召回和完整性。
适用边界：切片必须保留来源位置；参数变更要创建新索引版本；不得把表头、否定条件与正文分离",2,"[""SRC-LLAMAINDEX-HIERARCHY""]",trusted_core,candidate_validated
0673987c-1fdd-521d-943f-5c93f1853410,8ccfef39-f6ff-5035-a27f-e0413f934758,RAG-M02-N03,RAG-M02,切片策略、语义边界与父子结构：按内容类型切片,"知识点：切片策略、语义边界与父子结构
主题：按内容类型切片
表格应按逻辑行组和表头切片，代码按符号和调用关系切片，FAQ按完整问答切片，规章制度按条款与适用范围切片。一个全局固定长度策略通常不足。
适用边界：切片必须保留来源位置；参数变更要创建新索引版本；不得把表头、否定条件与正文分离",2,"[""SRC-LLAMAINDEX-HIERARCHY""]",trusted_core,candidate_validated
25dc0669-e0d9-5ec9-9d79-5c164dc5bd37,110a39ee-0b6b-56b0-9c4f-626fbb785b1a,RAG-M02-N04,RAG-M02,元数据、版本、血缘与知识发布：最小元数据集,"知识点：元数据、版本、血缘与知识发布
主题：最小元数据集
切片至少包含chunk_id、document_id、knowledge_node_id、标题路径、页码或锚点、版本、语言、难度、来源等级、有效期、权限标签、内容哈希和父子关系。
适用边界：发布版本不可原地修改；所有引用必须可追溯；权限标签必须在检索前过滤而非生成后遮盖",3,"[""SRC-NIST-AI-RMF"", ""SRC-LLAMAINDEX-HIERARCHY""]",trusted_core,candidate_validated
777c78ed-9975-58ad-b316-58e5040dfc84,de2d06e7-6962-5ce2-b3f9-b8d983be22b8,RAG-M02-N04,RAG-M02,元数据、版本、血缘与知识发布：不可变版本,"知识点：元数据、版本、血缘与知识发布
主题：不可变版本
知识库版本发布后保持不可变。新增、删除、重新切片或更换嵌入模型都创建候选新版本；通过评测和审批后再切换激活指针，旧版本保留用于回放与回滚。
适用边界：发布版本不可原地修改；所有引用必须可追溯；权限标签必须在检索前过滤而非生成后遮盖",3,"[""SRC-NIST-AI-RMF""]",trusted_core,candidate_validated
e1243373-ebca-53aa-86ef-6ee693452560,8682abe8-16eb-58ff-8869-c1fa1c56290c,RAG-M02-N04,RAG-M02,元数据、版本、血缘与知识发布：血缘链,"知识点：元数据、版本、血缘与知识发布
主题：血缘链
最终答案中的evidence_id应能追溯到chunk_id、document_id、原始文件、解析版本和来源登记记录。题目、讲义与关系边也要保存其依据，避免形成无法解释的二手知识。
适用边界：发布版本不可原地修改；所有引用必须可追溯；权限标签必须在检索前过滤而非生成后遮盖",3,"[""SRC-COMPETITION-XH-202630"", ""SRC-NIST-AI-RMF""]",trusted_core,candidate_validated
299662c4-5084-55d3-9617-b1085ac71ad5,4cb0290e-cbda-526c-b420-5e1044866f55,RAG-M02-N04,RAG-M02,元数据、版本、血缘与知识发布：发布门禁,"知识点：元数据、版本、血缘与知识发布
主题：发布门禁
候选版本需通过Schema、ID唯一性、引用完整性、来源准入、检索回归、核心节点覆盖、冲突检查和安全测试。任何阻断项失败都不能标记为published。
适用边界：发布版本不可原地修改；所有引用必须可追溯；权限标签必须在检索前过滤而非生成后遮盖",3,"[""SRC-NIST-AI-RMF""]",trusted_core,candidate_validated
b6709bfd-8cfa-5737-b783-177361986417,d2603583-8af0-5455-9b44-3d5e989c94c1,RAG-M03-N01,RAG-M03,文本嵌入、向量表示与相似度：语义表示,"知识点：文本嵌入、向量表示与相似度
主题：语义表示
句向量模型把可变长度文本编码为固定维度向量，目标是让语义相关文本在向量空间中更接近。它适合召回同义表达，但不保证精确匹配编号、公式或专有缩写。
适用边界：嵌入模型和预处理必须记录版本；专有编号和精确术语需结合关键词检索；模型更换必须重建索引",2,"[""SRC-SBERT-2019""]",trusted_core,candidate_validated
2dbf7492-93dd-5c43-a233-184a7af3bae7,32df7ce1-8afb-5cfb-9b25-91de8fed3532,RAG-M03-N01,RAG-M03,文本嵌入、向量表示与相似度：距离函数一致性,"知识点：文本嵌入、向量表示与相似度
主题：距离函数一致性
余弦距离关注方向，内积同时受方向和向量长度影响，欧氏距离衡量几何距离。索引创建、查询和模型是否归一化必须一致，否则排序含义会发生变化。
适用边界：嵌入模型和预处理必须记录版本；专有编号和精确术语需结合关键词检索；模型更换必须重建索引",2,"[""SRC-PGVECTOR-OFFICIAL""]",trusted_core,candidate_validated
19824ae8-89db-59a0-a5d0-12bf8a90bfa6,9b9b3e6f-796b-5b9e-b2ac-7dd455c1f2f0,RAG-M03-N01,RAG-M03,文本嵌入、向量表示与相似度：模型选型,"知识点：文本嵌入、向量表示与相似度
主题：模型选型
选型需要比较目标语言、领域术语、上下文长度、维度、吞吐、许可和部署方式。不能只根据公开榜单决定，应使用本项目固定问题集测量召回、排序和成本。
适用边界：嵌入模型和预处理必须记录版本；专有编号和精确术语需结合关键词检索；模型更换必须重建索引",2,"[""SRC-SBERT-2019"", ""SRC-NIST-AI-RMF""]",trusted_core,candidate_validated
284eaf68-a6db-5402-982e-1eb2f02cbf5b,2e9c8abd-4f76-5113-9886-e0d3edd77542,RAG-M03-N01,RAG-M03,文本嵌入、向量表示与相似度：嵌入版本化,"知识点：文本嵌入、向量表示与相似度
主题：嵌入版本化
更换嵌入模型、维度、前处理或归一化方式会改变全部向量，应创建新索引版本并重新跑回归。查询向量与文档向量不得来自不兼容版本。
适用边界：嵌入模型和预处理必须记录版本；专有编号和精确术语需结合关键词检索；模型更换必须重建索引",2,"[""SRC-PGVECTOR-OFFICIAL"", ""SRC-NIST-AI-RMF""]",trusted_core,candidate_validated
b7f8d0e5-6fee-537c-b2f7-8770765af8c3,0db4adce-4113-5ed8-844f-89563f132422,RAG-M03-N02,RAG-M03,向量存储、精确搜索、HNSW与IVFFlat：精确与近似检索,"知识点：向量存储、精确搜索、HNSW与IVFFlat
主题：精确与近似检索
pgvector默认可执行精确最近邻搜索，适合小规模数据和评测基线。近似索引通过减少搜索范围提高速度，但可能牺牲召回，因此应定期与精确结果比较。
适用边界：上线前必须有精确检索基线；租户和权限过滤不可省略；索引参数变更必须进入版本记录",3,"[""SRC-PGVECTOR-OFFICIAL""]",trusted_core,candidate_validated
c6b2a608-855d-53db-b789-f50ffb9132d4,5e8ced64-0f8f-5a42-906f-fa6ec450dc0f,RAG-M03-N02,RAG-M03,向量存储、精确搜索、HNSW与IVFFlat：HNSW,"知识点：向量存储、精确搜索、HNSW与IVFFlat
主题：HNSW
HNSW使用多层图结构，通常查询性能和速度-召回权衡较好，但索引构建更慢且占用更多内存。ef_search提高时召回通常提升，同时查询成本增加。
适用边界：上线前必须有精确检索基线；租户和权限过滤不可省略；索引参数变更必须进入版本记录",3,"[""SRC-PGVECTOR-OFFICIAL""]",trusted_core,candidate_validated
ca8031a6-1151-52fc-aff6-172e625f33bc,383e3b96-5fe2-5637-975e-836e1a294892,RAG-M03-N02,RAG-M03,向量存储、精确搜索、HNSW与IVFFlat：IVFFlat,"知识点：向量存储、精确搜索、HNSW与IVFFlat
主题：IVFFlat
IVFFlat把向量分入多个列表，查询时只探测部分列表。它构建更快、内存较低，但需要数据后才能合理训练，lists和probes设置直接影响速度与召回。
适用边界：上线前必须有精确检索基线；租户和权限过滤不可省略；索引参数变更必须进入版本记录",3,"[""SRC-PGVECTOR-OFFICIAL""]",trusted_core,candidate_validated
0c9a0fc0-ba92-5ac3-86ac-08850f2d10c8,881618b9-0202-5397-b16b-fb002bf8a858,RAG-M03-N02,RAG-M03,向量存储、精确搜索、HNSW与IVFFlat：过滤与索引,"知识点：向量存储、精确搜索、HNSW与IVFFlat
主题：过滤与索引
权限、租户、版本和知识节点过滤应在检索计划中明确。近似索引可能先召回后过滤，导致返回数量不足；可以配合普通列索引、分区、部分索引或迭代扫描。
适用边界：上线前必须有精确检索基线；租户和权限过滤不可省略；索引参数变更必须进入版本记录",3,"[""SRC-PGVECTOR-OFFICIAL""]",trusted_core,candidate_validated
2c8b1477-2c7e-5aa4-b0d4-db4225177d36,6cf90763-ba94-5e6b-af2b-df4a83374646,RAG-M03-N03,RAG-M03,BM25、关键词检索与精确术语召回：BM25直觉,"知识点：BM25、关键词检索与精确术语召回
主题：BM25直觉
BM25综合词项频率、文档频率和文档长度，对在少量文档中出现的查询词给予较高区分度，并通过饱和机制避免词频无限放大。
适用边界：保留原始查询与规范化查询；领域词典需要版本化；关键词权重需通过评测调整",2,"[""SRC-OPENSEARCH-HYBRID""]",trusted_core,candidate_validated
838a8cf9-87db-5ab0-9e0b-52880ef814f3,d95931d9-b4cc-59ae-883d-8742ad35e137,RAG-M03-N03,RAG-M03,BM25、关键词检索与精确术语召回：精确术语优势,"知识点：BM25、关键词检索与精确术语召回
主题：精确术语优势
版本号、错误码、API路径、类名和规范条款常被语义嵌入弱化，而关键词检索能直接利用字符或词项匹配。领域系统应为这些字段建立别名和规范化规则。
适用边界：保留原始查询与规范化查询；领域词典需要版本化；关键词权重需通过评测调整",2,"[""SRC-OPENSEARCH-HYBRID""]",trusted_core,candidate_validated
8985d40f-efad-5dcf-945d-34331cbb2fa9,6eae105b-244f-5e5f-8fdd-4ef9df1231dd,RAG-M03-N03,RAG-M03,BM25、关键词检索与精确术语召回：中文分词与词典,"知识点：BM25、关键词检索与精确术语召回
主题：中文分词与词典
中文没有天然空格边界，分词器和领域词典会显著影响召回。可结合字符n-gram、专有词典、大小写与全半角归一化，避免把关键术语拆错。
适用边界：保留原始查询与规范化查询；领域词典需要版本化；关键词权重需通过评测调整",2,"[""SRC-NIST-AI-RMF""]",trusted_core,candidate_validated
83732c63-8bf9-576f-968f-be16d7508768,518d537b-59a6-5d48-8df2-0b35bb37c0b8,RAG-M03-N03,RAG-M03,BM25、关键词检索与精确术语召回：基线价值,"知识点：BM25、关键词检索与精确术语召回
主题：基线价值
即使最终使用稠密检索，也应保留关键词基线。它实现简单、可解释，能帮助定位嵌入模型是否真正改善了语义召回，还是只增加了复杂度。
适用边界：保留原始查询与规范化查询；领域词典需要版本化；关键词权重需通过评测调整",2,"[""SRC-RAGAS-2023""]",trusted_core,candidate_validated
6a4e0281-c2bf-56c9-9b34-5ff4d0f292ac,7d448bf9-e164-5a44-81cd-86a76d56dcfa,RAG-M03-N04,RAG-M03,混合检索、分数融合与RRF：互补召回,"知识点：混合检索、分数融合与RRF
主题：互补召回
稠密检索可以召回同义表达，稀疏检索擅长精确术语。先分别召回候选，再融合和重排，通常比只依赖单一路径更稳健。
适用边界：融合前保留原始排名；禁止跨权限融合；必须报告单路与混合的消融结果",3,"[""SRC-OPENSEARCH-HYBRID""]",trusted_core,candidate_validated
8d9a0faf-059d-550c-8c4b-46ef30642e18,3a1befcf-aede-53f8-9b53-b51f618c12b4,RAG-M03-N04,RAG-M03,混合检索、分数融合与RRF：分数归一化,"知识点：混合检索、分数融合与RRF
主题：分数归一化
不同检索器的原始分数含义和范围不同，直接加权可能让某一路径支配结果。分数融合需要归一化、权重和边界测试。
适用边界：融合前保留原始排名；禁止跨权限融合；必须报告单路与混合的消融结果",3,"[""SRC-OPENSEARCH-HYBRID""]",trusted_core,candidate_validated
161e924d-c776-510f-b485-226593719af4,0c530834-1e07-54de-8e39-8511bc1658c0,RAG-M03-N04,RAG-M03,混合检索、分数融合与RRF：RRF,"知识点：混合检索、分数融合与RRF
主题：RRF
RRF根据文档在各结果列表中的名次累加倒数排名贡献，避免直接比较异构分数。rank constant影响头部排名差异，仍需在本地问题集上评测。
适用边界：融合前保留原始排名；禁止跨权限融合；必须报告单路与混合的消融结果",3,"[""SRC-OPENSEARCH-HYBRID""]",trusted_core,candidate_validated
1f0be406-ef15-56c4-93a2-e565f08acb9d,716788a5-719d-5bd2-b841-55fc952f6160,RAG-M03-N04,RAG-M03,混合检索、分数融合与RRF：融合后仍需过滤与去重,"知识点：混合检索、分数融合与RRF
主题：融合后仍需过滤与去重
同一父文档的高度重叠切片可能占满top-k。融合后应按权限和版本过滤、按内容哈希或父节点去重，并保留各检索路径的贡献，便于解释。
适用边界：融合前保留原始排名；禁止跨权限融合；必须报告单路与混合的消融结果",3,"[""SRC-NIST-AI-RMF""]",trusted_core,candidate_validated
f96a00e5-5b2d-5807-9d3f-37fb06407a00,2216241f-58cb-509e-abb0-41c1c55bdf1f,RAG-M04-N01,RAG-M04,查询理解、意图识别与查询改写：意图决定检索策略,"知识点：查询理解、意图识别与查询改写
主题：意图决定检索策略
单点定义可直接混合检索；比较题需要同时召回多个对象；步骤题需要层级上下文；故障排查可能需要多轮证据；高风险或越权问题应直接进入拒答或人工路径。
适用边界：关键限定词不得丢失；每次改写要可追踪；高不确定性优先追问或多路检索",2,"[""SRC-GRAPHRAG-OFFICIAL"", ""SRC-NIST-AI-RMF""]",trusted_core,candidate_validated
19204317-2225-51ea-a181-a98ee3ab4b8a,65b31f9f-9013-512f-bbda-cc2200a4f140,RAG-M04-N01,RAG-M04,查询理解、意图识别与查询改写：规范化与改写,"知识点：查询理解、意图识别与查询改写
主题：规范化与改写
查询规范化包括大小写、全半角、别名、错别字和缩写展开。改写应输出原问题、规范化问题和改写理由，不能用改写后的问题覆盖原始输入。
适用边界：关键限定词不得丢失；每次改写要可追踪；高不确定性优先追问或多路检索",2,"[""SRC-NIST-AI-RMF""]",trusted_core,candidate_validated
0ef4d810-c79a-512d-870a-3b9de3f13e54,9856893b-3706-5d35-9fd0-b1563a39dcba,RAG-M04-N01,RAG-M04,查询理解、意图识别与查询改写：多查询扩展,"知识点：查询理解、意图识别与查询改写
主题：多查询扩展
一个复杂问题可生成若干互补查询，例如概念、步骤和风险三个子查询，再合并证据。扩展数量过多会引入噪声和成本，应设置上限并做证据覆盖检查。
适用边界：关键限定词不得丢失；每次改写要可追踪；高不确定性优先追问或多路检索",2,"[""SRC-RAGAS-2023""]",trusted_core,candidate_validated
020260a6-bbcf-5b78-bb2c-1d9944752e6b,bb2ff342-0006-574c-8c09-7a5c49b1524f,RAG-M04-N01,RAG-M04,查询理解、意图识别与查询改写：防止语义漂移,"知识点：查询理解、意图识别与查询改写
主题：防止语义漂移
改写模型可能把用户的限定条件、否定或时间范围改掉。系统需要对关键实体、范围和约束做一致性检查，无法确认时保留原查询或向用户追问。
适用边界：关键限定词不得丢失；每次改写要可追踪；高不确定性优先追问或多路检索",2,"[""SRC-NIST-AI-RMF""]",trusted_core,candidate_validated
a8da5e87-aa8e-5a0a-aff0-422563bf8c74,060b18e5-ed29-50d7-9cf1-d2cb7ae22fed,RAG-M04-N02,RAG-M04,元数据过滤、租户隔离与权限检索：检索前授权,"知识点：元数据过滤、租户隔离与权限检索
主题：检索前授权
请求进入检索器前由可信后端解析用户身份和权限，形成不可由模型修改的过滤条件。Agent只能补充查询意图，不能扩大允许访问的租户、文档或安全级别。
适用边界：权限条件由后端注入且不可被Agent覆盖；拒绝日志不得包含敏感正文；版本和有效期过滤为强制字段",3,"[""SRC-NIST-AI-RMF"", ""SRC-OWASP-PROMPT-INJECTION""]",trusted_core,candidate_validated
5f5c1555-a4ea-5009-a1c9-299cf7644264,190248c5-ff2b-5d24-8f12-8dca4b602d96,RAG-M04-N02,RAG-M04,元数据过滤、租户隔离与权限检索：版本与有效期,"知识点：元数据过滤、租户隔离与权限检索
主题：版本与有效期
过滤条件除组织和角色外，还应包括激活知识库版本、文档状态、有效时间和语言。这样可以防止已退役、未审批或未来生效内容进入答案。
适用边界：权限条件由后端注入且不可被Agent覆盖；拒绝日志不得包含敏感正文；版本和有效期过滤为强制字段",3,"[""SRC-NIST-AI-RMF""]",trusted_core,candidate_validated
44b9fe52-ae93-5626-863b-a8c63ef02876,772c18e9-a423-5492-80df-214c3e326a87,RAG-M04-N02,RAG-M04,元数据过滤、租户隔离与权限检索：近似检索交互,"知识点：元数据过滤、租户隔离与权限检索
主题：近似检索交互
近似向量索引可能在召回后应用过滤，导致满足条件的结果不足。应通过普通列索引、分区、部分索引、迭代扫描或扩大候选池验证结果数量和召回。
适用边界：权限条件由后端注入且不可被Agent覆盖；拒绝日志不得包含敏感正文；版本和有效期过滤为强制字段",3,"[""SRC-PGVECTOR-OFFICIAL""]",trusted_core,candidate_validated
fdb6fccf-a82c-563b-a002-9868072875e8,4e5f6c43-7704-5ab0-be5b-c059a68e3b4b,RAG-M04-N02,RAG-M04,元数据过滤、租户隔离与权限检索：越权测试,"知识点：元数据过滤、租户隔离与权限检索
主题：越权测试
测试应包括跨租户ID、伪造过滤字段、提示注入要求忽略权限、已撤回文档和混合公开/敏感片段。日志中不能泄露被拒绝片段的正文。
适用边界：权限条件由后端注入且不可被Agent覆盖；拒绝日志不得包含敏感正文；版本和有效期过滤为强制字段",3,"[""SRC-OWASP-PROMPT-INJECTION"", ""SRC-NIST-AI-RMF""]",trusted_core,candidate_validated
99acbaa3-dd19-5a6e-896b-3ea75dafbd1a,cea9d066-c4b0-5d51-826e-5bf6970b3b7b,RAG-M04-N03,RAG-M04,候选重排、交叉编码器与多阶段检索：两阶段职责,"知识点：候选重排、交叉编码器与多阶段检索
主题：两阶段职责
召回器在大规模语料中快速获取较大的候选池，重排器对有限候选做更昂贵的相关性判断。设计时分别设置candidate_k、rerank_k和最终context_k。
适用边界：保留重排前后排名；候选池参数需版本化；重排超时必须有降级路径",3,"[""SRC-COLBERT-2020""]",trusted_core,candidate_validated
ed370cd7-17e9-5b88-afcc-4f0efb7dcbd7,825fd4ce-5fd5-5a03-b094-ae387480ea2d,RAG-M04-N03,RAG-M04,候选重排、交叉编码器与多阶段检索：交叉编码与晚交互,"知识点：候选重排、交叉编码器与多阶段检索
主题：交叉编码与晚交互
交叉编码器可联合编码查询和片段，相关性通常更细致但成本高；晚交互方法预计算文档表示并保留词级交互，在效果和效率之间取折中。
适用边界：保留重排前后排名；候选池参数需版本化；重排超时必须有降级路径",3,"[""SRC-COLBERT-2020""]",trusted_core,candidate_validated
918b2362-2d21-5bab-a6e6-d4a4807ff395,f485d3df-f7e5-552d-b6f5-f7cb733477a0,RAG-M04-N03,RAG-M04,候选重排、交叉编码器与多阶段检索：评测重排收益,"知识点：候选重排、交叉编码器与多阶段检索
主题：评测重排收益
不能只看最终答案。应比较重排前后MRR、nDCG、首个相关证据排名、P95延迟和成本，并按查询类型分析，避免整体平均掩盖某类退化。
适用边界：保留重排前后排名；候选池参数需版本化；重排超时必须有降级路径",3,"[""SRC-RAGAS-2023""]",trusted_core,candidate_validated
ae788b2b-0eb4-581f-b2e6-bff849eb09b8,77e2ed0e-4e52-5024-90b5-73020341f9ce,RAG-M04-N03,RAG-M04,候选重排、交叉编码器与多阶段检索：多样性与去重,"知识点：候选重排、交叉编码器与多阶段检索
主题：多样性与去重
纯相关性重排可能把多个近重复片段排在顶部。可加入父文档去重、知识节点覆盖或最大边际相关性约束，保证上下文既相关又覆盖必要子主题。
适用边界：保留重排前后排名；候选池参数需版本化；重排超时必须有降级路径",3,"[""SRC-RAGAS-2023""]",trusted_core,candidate_validated
41fb494d-a279-55ea-b86e-116eff6b4b01,24c5e9d9-1f5f-5cb1-afb7-793c9235f9c3,RAG-M04-N04,RAG-M04,上下文选择、压缩、排序与引用封装：预算分配,"知识点：上下文选择、压缩、排序与引用封装
主题：预算分配
上下文预算需为系统指令、用户问题、证据和输出预留空间。证据选择应综合相关性、权威性、时效性、覆盖度和重复度，而不是简单截取top-k。
适用边界：关键条件不得因压缩丢失；证据包必须可复现；冲突证据不得静默合并",4,"[""SRC-LOST-MIDDLE-2024"", ""SRC-NIST-AI-RMF""]",trusted_core,candidate_validated
05ad4aed-b560-5a08-8fbe-17d5705ac7fc,d6441eb5-e28a-5b0b-9cd7-f1b5b94fb8a9,RAG-M04-N04,RAG-M04,上下文选择、压缩、排序与引用封装：压缩不改写事实,"知识点：上下文选择、压缩、排序与引用封装
主题：压缩不改写事实
抽取式压缩优先保留原句、条件和来源位置；生成式摘要需标记为派生内容并经事实检查。不能为了短而删除例外、否定或单位。
适用边界：关键条件不得因压缩丢失；证据包必须可复现；冲突证据不得静默合并",4,"[""SRC-NIST-AI-RMF""]",trusted_core,candidate_validated
e4efc98c-17e6-592a-86d5-eca667b0a0cd,382852a1-407f-5cb3-910f-79f9e64b28fc,RAG-M04-N04,RAG-M04,上下文选择、压缩、排序与引用封装：顺序与位置,"知识点：上下文选择、压缩、排序与引用封装
主题：顺序与位置
长上下文研究显示模型对相关信息位置可能敏感。工程上可把最关键证据放在显著位置、按子问题分组，并避免在中间堆入大量低价值噪声。
适用边界：关键条件不得因压缩丢失；证据包必须可复现；冲突证据不得静默合并",4,"[""SRC-LOST-MIDDLE-2024""]",trusted_core,candidate_validated
d810c699-ac4e-5509-b79b-e1ab467823a0,b7d7f4c7-aef7-535b-a226-a6cfbb0300ef,RAG-M04-N04,RAG-M04,上下文选择、压缩、排序与引用封装：证据封装,"知识点：上下文选择、压缩、排序与引用封装
主题：证据封装
每个上下文块应包含evidence_id、标题、来源、版本、位置和正文。生成结果中的关键陈述必须引用这些ID，审核器再验证引用是否真正支持该陈述。
适用边界：关键条件不得因压缩丢失；证据包必须可复现；冲突证据不得静默合并",4,"[""SRC-COMPETITION-XH-202630"", ""SRC-RAGAS-2023""]",trusted_core,candidate_validated
220a8d5d-8daf-5d38-a7cc-35177bb63d6b,5a8c0f89-8b27-5101-ae21-3040ab75bbc2,RAG-M05-N01,RAG-M05,证据约束生成、引用与答案结构：生成契约,"知识点：证据约束生成、引用与答案结构
主题：生成契约
生成器输入应包含目标学习者、知识节点、难度、资源形态、证据包和禁止项；输出应使用固定Schema，分别承载正文、关键点、代码、引用、置信度和缺失证据。
适用边界：无证据的专业陈述不得发布；类比必须标记其边界；输出先过Schema再进入事实审核",2,"[""SRC-COMPETITION-XH-202630"", ""SRC-OPENAPI-31""]",trusted_core,candidate_validated
d20a52a8-f272-53be-998b-a39463f76359,09f16411-041b-5ae5-bb68-b3f3c8583d6c,RAG-M05-N01,RAG-M05,证据约束生成、引用与答案结构：陈述级证据绑定,"知识点：证据约束生成、引用与答案结构
主题：陈述级证据绑定
仅在文章末尾列来源不足以证明每个结论。关键定义、步骤、参数和风险说明应能映射到一个或多个evidence_id，审核器逐项检查支持关系。
适用边界：无证据的专业陈述不得发布；类比必须标记其边界；输出先过Schema再进入事实审核",2,"[""SRC-RAGAS-2023""]",trusted_core,candidate_validated
3396f72a-4b12-518a-8fb4-0c04449450d1,621966e1-03ad-5c30-bf27-683c4ace0ac7,RAG-M05-N01,RAG-M05,证据约束生成、引用与答案结构：事实与教学转换,"知识点：证据约束生成、引用与答案结构
主题：事实与教学转换
个性化可以改变解释方式、例子、顺序和练习难度，但不能改变专业事实。系统应区分来源支持的事实、基于事实的教学重组和模型推断，避免把类比当作严格定义。
适用边界：无证据的专业陈述不得发布；类比必须标记其边界；输出先过Schema再进入事实审核",2,"[""SRC-COMPETITION-XH-202630""]",trusted_core,candidate_validated
e7ff518a-4676-5b49-b2e3-fa8788bc6613,9740184c-c0fc-50fe-9086-8aee85a60791,RAG-M05-N01,RAG-M05,证据约束生成、引用与答案结构：结构化输出,"知识点：证据约束生成、引用与答案结构
主题：结构化输出
JSON Schema能减少字段缺失和类型错误，但不能保证事实正确。应同时进行Schema校验、引用检查、事实一致性检查和难度适配检查。
适用边界：无证据的专业陈述不得发布；类比必须标记其边界；输出先过Schema再进入事实审核",2,"[""SRC-OPENAPI-31"", ""SRC-NIST-AI-RMF""]",trusted_core,candidate_validated
b5cfe49a-0d3c-56b4-a74c-e611c4ee4002,af19c081-bf31-5030-801c-104069fdfa03,RAG-M05-N02,RAG-M05,证据不足、拒答、追问与人工转交：证据充分性,"知识点：证据不足、拒答、追问与人工转交
主题：证据充分性
证据是否充分不仅看相似度，还要看是否覆盖问题中的关键实体、时间、条件和结论，来源是否可信，是否存在相互冲突，以及答案是否需要知识库外推断。
适用边界：高风险无证据必须拒答或转人工；拒答不得暴露受限资料；每次拒答记录原因代码",2,"[""SRC-RAGAS-2023"", ""SRC-NIST-AI-RMF""]",trusted_core,candidate_validated
c6e63302-562b-51a7-810c-b69556647b42,c56bbccd-b251-5073-b1ff-750e44f7463d,RAG-M05-N02,RAG-M05,证据不足、拒答、追问与人工转交：四种动作,"知识点：证据不足、拒答、追问与人工转交
主题：四种动作
可选择重新检索、向用户追问、明确拒答或转人工。模糊问题优先追问；可通过新检索计划补足的进入重试；高风险或冲突问题转人工；知识库外问题明确说明范围。
适用边界：高风险无证据必须拒答或转人工；拒答不得暴露受限资料；每次拒答记录原因代码",2,"[""SRC-NIST-AI-RMF""]",trusted_core,candidate_validated
d980ca1d-39af-5c30-b047-a354c7f46378,29ed0fa1-79e7-50dc-8ee3-6758da64fb0f,RAG-M05-N02,RAG-M05,证据不足、拒答、追问与人工转交：拒答内容,"知识点：证据不足、拒答、追问与人工转交
主题：拒答内容
高质量拒答应说明缺少什么证据、系统已检查的范围和用户可提供的信息，但不能泄露权限外资料，也不能编造一个貌似有用的答案。
适用边界：高风险无证据必须拒答或转人工；拒答不得暴露受限资料；每次拒答记录原因代码",2,"[""SRC-OWASP-PROMPT-INJECTION"", ""SRC-NIST-AI-RMF""]",trusted_core,candidate_validated
55f4fc0d-6bd7-54a0-8371-d90b1fc2a83f,a765ce4c-c074-57e5-bfab-cceb6b9ca895,RAG-M05-N02,RAG-M05,证据不足、拒答、追问与人工转交：拒答评测,"知识点：证据不足、拒答、追问与人工转交
主题：拒答评测
评测集必须同时包含应回答和应拒答的问题，测量正确拒答率、错误拒答率和越权泄露率。只提高拒答率会损害可用性，因此需要平衡。
适用边界：高风险无证据必须拒答或转人工；拒答不得暴露受限资料；每次拒答记录原因代码",2,"[""SRC-RAGAS-2023""]",trusted_core,candidate_validated
a094a244-18a0-5a59-a68b-cfc812a87067,d2eaf759-6ded-5884-918f-e0e4e66766ba,RAG-M05-N03,RAG-M05,幻觉分类、事实审核与交叉验证：错误分类,"知识点：幻觉分类、事实审核与交叉验证
主题：错误分类
常见类型包括：证据中不存在的事实、与证据相反的陈述、把局部条件泛化、引用与陈述无关、数字单位错误、代码与解释不一致，以及把不确定推断写成确定结论。
适用边界：审核不得只使用生成器摘要；阻断级问题禁止自动发布；谬误率必须使用固定口径",3,"[""SRC-RAGAS-2023"", ""SRC-NIST-AI-RMF""]",trusted_core,candidate_validated
da4f5f84-c14f-5c86-9883-8a014ec5d7d6,370b0b20-3e5b-5db5-bf19-622c6c4717e1,RAG-M05-N03,RAG-M05,幻觉分类、事实审核与交叉验证：独立审核上下文,"知识点：幻觉分类、事实审核与交叉验证
主题：独立审核上下文
审核器应重新读取原始证据和生成结果，而不是只依赖生成器的自评。它可以使用不同Prompt、规则或模型，并输出检查项、问题位置、严重度和修复动作。
适用边界：审核不得只使用生成器摘要；阻断级问题禁止自动发布；谬误率必须使用固定口径",3,"[""SRC-COMPETITION-XH-202630""]",trusted_core,candidate_validated
12ff3216-5c69-5c52-ac4a-0264f3e438d5,16963fcf-b840-5d52-a6aa-faa7ce33f419,RAG-M05-N03,RAG-M05,幻觉分类、事实审核与交叉验证：交叉验证,"知识点：幻觉分类、事实审核与交叉验证
主题：交叉验证
对高风险结论，可让事实核验、难度适配和代码验证分别给出结果，再由审核或仲裁节点综合。多智能体价值在于不同职责和证据，而不是多个角色重复赞同。
适用边界：审核不得只使用生成器摘要；阻断级问题禁止自动发布；谬误率必须使用固定口径",3,"[""SRC-COMPETITION-XH-202630""]",trusted_core,candidate_validated
5b24af88-6a20-5d05-bc86-c6d2c8b652a6,ce4b5efc-3fd0-513c-a7bc-8c51b0a5f37b,RAG-M05-N03,RAG-M05,幻觉分类、事实审核与交叉验证：谬误率口径,"知识点：幻觉分类、事实审核与交叉验证
主题：谬误率口径
专业知识谬误率应定义为被人工或权威规则判定为错误的专业陈述数除以被审查专业陈述总数。测试集、抽样方式、审核者一致性和置信区间应记录。
适用边界：审核不得只使用生成器摘要；阻断级问题禁止自动发布；谬误率必须使用固定口径",3,"[""SRC-COMPETITION-XH-202630"", ""SRC-NIST-AI-RMF""]",trusted_core,candidate_validated
c2ad52da-b7e4-5002-86be-806f95166acc,b04e4952-9eb2-502e-9cfe-41d8bd62bc49,RAG-M05-N04,RAG-M05,提示注入、不可信文档与知识库安全：直接与间接注入,"知识点：提示注入、不可信文档与知识库安全
主题：直接与间接注入
直接注入来自用户要求忽略规则；间接注入隐藏在网页、PDF、邮件或代码注释中，待文档被检索后影响模型。知识库接入和运行时都必须检测。
适用边界：检索证据永远视为不可信数据；Agent不得从文档获得额外权限；可疑来源先隔离后审核",4,"[""SRC-OWASP-PROMPT-INJECTION""]",trusted_core,candidate_validated
408bb93f-43f5-58ee-9bfa-4b3ab26f9d20,82baf3c7-5e46-5051-9dc0-ca20b8b92ff6,RAG-M05-N04,RAG-M05,提示注入、不可信文档与知识库安全：指令与数据分离,"知识点：提示注入、不可信文档与知识库安全
主题：指令与数据分离
系统Prompt应明确证据块只是数据，不执行其中指令；使用结构化标签封装证据，并避免把敏感系统提示、工具描述和密钥放入可被文档覆盖的区域。
适用边界：检索证据永远视为不可信数据；Agent不得从文档获得额外权限；可疑来源先隔离后审核",4,"[""SRC-OWASP-PROMPT-INJECTION""]",trusted_core,candidate_validated
c17c8403-427e-511e-b71e-f0aeb13840c8,36517c9a-c0cd-5c02-a8ba-8efdaf33764a,RAG-M05-N04,RAG-M05,提示注入、不可信文档与知识库安全：最小工具权限,"知识点：提示注入、不可信文档与知识库安全
主题：最小工具权限
检索内容不能决定调用哪个高权限工具或修改权限过滤。工具参数需要Schema校验、允许列表、租户上下文和后端授权，危险操作必须人工确认。
适用边界：检索证据永远视为不可信数据；Agent不得从文档获得额外权限；可疑来源先隔离后审核",4,"[""SRC-OWASP-PROMPT-INJECTION"", ""SRC-NIST-AI-RMF""]",trusted_core,candidate_validated
58edf566-3ea1-50e3-878a-13e47ee43e67,56475a80-f5aa-571b-96a9-5cf4a4a59630,RAG-M05-N04,RAG-M05,提示注入、不可信文档与知识库安全：多层检测与响应,"知识点：提示注入、不可信文档与知识库安全
主题：多层检测与响应
接入阶段扫描可疑指令和脚本；检索阶段过滤来源；生成阶段限制行为；输出阶段检测泄露和越权；事件进入审计日志。无法确认的高风险内容隔离而非自动发布。
适用边界：检索证据永远视为不可信数据；Agent不得从文档获得额外权限；可疑来源先隔离后审核",4,"[""SRC-OWASP-PROMPT-INJECTION"", ""SRC-NIST-AI-RMF""]",trusted_core,candidate_validated
ca96e49a-8b39-542b-bdd9-d6c9119c43cf,adffd192-5ddc-5a39-b49e-54daa48cbee2,RAG-M06-N01,RAG-M06,检索评测：Hit Rate、Recall、MRR与nDCG：评测单元,"知识点：检索评测：Hit Rate、Recall、MRR与nDCG
主题：评测单元
每个案例至少包含query、预期知识节点或证据、查询类型、权限上下文和可选的多级相关性标签。测试集要与开发样例隔离，并记录标注依据。
适用边界：测试集需固定版本；标注需保留依据；发布报告必须包含分类型指标",2,"[""SRC-RAGAS-2023""]",trusted_core,candidate_validated
07483be6-17c2-5e51-92e9-cac2ffa66f7c,b5f3a63c-bf7f-5ec5-bc9a-017bdbad9ed8,RAG-M06-N01,RAG-M06,检索评测：Hit Rate、Recall、MRR与nDCG：Hit与Recall,"知识点：检索评测：Hit Rate、Recall、MRR与nDCG
主题：Hit与Recall
Hit@k只判断top-k是否至少出现一个相关结果；Recall@k衡量相关结果被覆盖的比例。多证据问题只看Hit可能掩盖关键证据缺失。
适用边界：测试集需固定版本；标注需保留依据；发布报告必须包含分类型指标",2,"[""SRC-RAGAS-2023""]",trusted_core,candidate_validated
7ad72f87-9999-5750-984b-061b75ef4885,c3f82abd-e2ee-5035-9af9-47b1efad9b83,RAG-M06-N01,RAG-M06,检索评测：Hit Rate、Recall、MRR与nDCG：MRR与nDCG,"知识点：检索评测：Hit Rate、Recall、MRR与nDCG
主题：MRR与nDCG
MRR关注首个相关结果的倒数排名，适合单一主要证据；nDCG可处理多个结果和不同相关等级，更适合评估排序整体质量。
适用边界：测试集需固定版本；标注需保留依据；发布报告必须包含分类型指标",2,"[""SRC-RAGAS-2023""]",trusted_core,candidate_validated
eb13f71b-5528-5ee9-bd2c-79530a94fd4f,4664f323-58f4-55a0-8727-58b743ad4ea0,RAG-M06-N01,RAG-M06,检索评测：Hit Rate、Recall、MRR与nDCG：分层分析,"知识点：检索评测：Hit Rate、Recall、MRR与nDCG
主题：分层分析
总平均值之外应按定义、精确术语、比较、步骤、多跳、中文缩写和安全问题分组。系统可能总体达标但在某个关键类别严重失败。
适用边界：测试集需固定版本；标注需保留依据；发布报告必须包含分类型指标",2,"[""SRC-NIST-AI-RMF""]",trusted_core,candidate_validated
e39d4fbd-9342-5c9b-ac1a-f250d4265a55,03235f85-f938-56aa-b0ff-4bc1532ba277,RAG-M06-N02,RAG-M06,生成评测：忠实度、引用、完整性与适配：忠实度,"知识点：生成评测：忠实度、引用、完整性与适配
主题：忠实度
把输出拆为原子专业陈述，逐项判断是否得到提供证据支持。忠实度关注“是否依据上下文”，不等同于世界知识上的绝对正确。
适用边界：专业谬误率需人工或权威规则确认；自动评审Prompt和模型要版本化；适配评测必须覆盖多类画像",3,"[""SRC-RAGAS-2023""]",trusted_core,candidate_validated
925c9f04-1e38-5636-baa1-a772e44e7687,1d95d51a-ea33-537f-b172-a64a41a50afe,RAG-M06-N02,RAG-M06,生成评测：忠实度、引用、完整性与适配：引用正确与完整,"知识点：生成评测：忠实度、引用、完整性与适配
主题：引用正确与完整
引用正确率衡量引用是否真正支持对应陈述；引用完整率衡量应引用的关键陈述是否都提供了来源。仅有很多引用不代表引用质量高。
适用边界：专业谬误率需人工或权威规则确认；自动评审Prompt和模型要版本化；适配评测必须覆盖多类画像",3,"[""SRC-RAGAS-2023""]",trusted_core,candidate_validated
0f8b361f-7fc2-55eb-866d-2ed75fd09776,5df563d9-8637-503b-8c51-890b1420fda8,RAG-M06-N02,RAG-M06,生成评测：忠实度、引用、完整性与适配：答案完整与任务符合,"知识点：生成评测：忠实度、引用、完整性与适配
主题：答案完整与任务符合
资源需覆盖指定知识点、实操步骤和边界，且遵守输出格式。可用参考要点、Rubric和关键概念覆盖率进行检查。
适用边界：专业谬误率需人工或权威规则确认；自动评审Prompt和模型要版本化；适配评测必须覆盖多类画像",3,"[""SRC-COMPETITION-XH-202630""]",trusted_core,candidate_validated
24949152-3f96-5159-ac09-52fd294ebf07,6424993c-4943-51fa-963a-7e9abafc2354,RAG-M06-N02,RAG-M06,生成评测：忠实度、引用、完整性与适配：难度适配,"知识点：生成评测：忠实度、引用、完整性与适配
主题：难度适配
难度适配需要人工标注或规则基准：概念密度、前置知识、代码复杂度、任务开放度和提示程度应与画像一致。适配准确率不能只由生成模型自评。
适用边界：专业谬误率需人工或权威规则确认；自动评审Prompt和模型要版本化；适配评测必须覆盖多类画像",3,"[""SRC-COMPETITION-XH-202630"", ""SRC-NIST-AI-RMF""]",trusted_core,candidate_validated
c8661257-8590-575f-bc4f-19245ec597ae,e8b6e6b1-8456-52aa-ab72-cb0f6a40cf88,RAG-M06-N03,RAG-M06,端到端回归、消融实验与发布门禁：版本回归范围,"知识点：端到端回归、消融实验与发布门禁
主题：版本回归范围
回归对象包括知识覆盖、ID与引用完整性、检索指标、生成忠实度、拒答、安全、时延、成本和关键用户流程。结果绑定知识库、模型、Prompt和代码版本。
适用边界：回归数据集不可随意删除失败案例；阻断门禁需负责人批准变更；报告必须保留基线版本",3,"[""SRC-NIST-AI-RMF""]",trusted_core,candidate_validated
ab3e0e77-7ed8-52eb-8573-286e2a14542a,50735323-f303-5a3e-8a00-d9daade93e7f,RAG-M06-N03,RAG-M06,端到端回归、消融实验与发布门禁：消融实验,"知识点：端到端回归、消融实验与发布门禁
主题：消融实验
分别关闭混合检索、重排、上下文压缩、审核或个性化策略，比较指标变化，才能证明组件贡献。只展示最终系统得分无法说明创新来自哪里。
适用边界：回归数据集不可随意删除失败案例；阻断门禁需负责人批准变更；报告必须保留基线版本",3,"[""SRC-RAGAS-2023"", ""SRC-COMPETITION-XH-202630""]",trusted_core,candidate_validated
93993578-c929-566c-8c90-6731c1449f36,4e94d552-1552-5c99-9560-33aff792912d,RAG-M06-N03,RAG-M06,端到端回归、消融实验与发布门禁：门禁与容差,"知识点：端到端回归、消融实验与发布门禁
主题：门禁与容差
门禁应包含绝对阈值和相对退化阈值，例如核心Hit@5不得低于目标且不得比当前生产版下降超过一定比例。阻断项失败不能由平均分抵消。
适用边界：回归数据集不可随意删除失败案例；阻断门禁需负责人批准变更；报告必须保留基线版本",3,"[""SRC-NIST-AI-RMF""]",trusted_core,candidate_validated
214f5733-f2d9-58ab-af28-e9e2ccb575d7,025bbb14-294e-56d7-8d1d-26b3906bec88,RAG-M06-N03,RAG-M06,端到端回归、消融实验与发布门禁：失败案例资产化,"知识点：端到端回归、消融实验与发布门禁
主题：失败案例资产化
每个线上或测试失败都转化为可复现案例，标注根因属于来源、解析、切片、检索、生成、审核还是权限。修复后加入长期回归集。
适用边界：回归数据集不可随意删除失败案例；阻断门禁需负责人批准变更；报告必须保留基线版本",3,"[""SRC-NIST-AI-RMF""]",trusted_core,candidate_validated
d06852e0-4852-5f69-aede-10d0f45514e2,f7a56088-095a-51e7-85ad-8b2fe9133c6f,RAG-M06-N04,RAG-M06,可观测性、成本、时延与故障定位：关联标识,"知识点：可观测性、成本、时延与故障定位
主题：关联标识
每次用户请求至少贯穿correlation_id、session_id、decision_cycle_id、agent_run_id、retrieval_request_id和knowledge_base_version_id。事件需要sequence和causation_id以恢复真实顺序。
适用边界：前端状态必须来自后端事件；敏感正文不进入普通日志；指标需绑定明确版本",4,"[""SRC-NIST-AI-RMF""]",trusted_core,candidate_validated
9dfdd002-2ffc-5d97-840b-d4115ff502ef,620c5f33-f3ff-5aea-8bed-876495e857a4,RAG-M06-N04,RAG-M06,可观测性、成本、时延与故障定位：时延分解,"知识点：可观测性、成本、时延与故障定位
主题：时延分解
分别记录查询处理、稀疏召回、向量召回、重排、上下文构建、模型生成、审核和数据库写入的P50/P95/P99。只看总耗时无法找到瓶颈。
适用边界：前端状态必须来自后端事件；敏感正文不进入普通日志；指标需绑定明确版本",4,"[""SRC-NIST-AI-RMF""]",trusted_core,candidate_validated
49804f32-ac76-527a-ab2b-4c8ca7e9735f,b3f5a569-1ddd-5d60-9ab1-62aa03ffc24b,RAG-M06-N04,RAG-M06,可观测性、成本、时延与故障定位：成本归因,"知识点：可观测性、成本、时延与故障定位
主题：成本归因
记录输入输出token、嵌入调用、重排调用、模型重试和缓存命中，按工作流、学习者和资源类型聚合。成本指标应与质量指标共同展示，避免只追求低成本。
适用边界：前端状态必须来自后端事件；敏感正文不进入普通日志；指标需绑定明确版本",4,"[""SRC-NIST-AI-RMF""]",trusted_core,candidate_validated
3fe13e03-6450-5210-8e33-bc9bba64a7c9,9f9cf91f-b805-56c0-ae09-037cfe9a2ece,RAG-M06-N04,RAG-M06,可观测性、成本、时延与故障定位：事件与回放,"知识点：可观测性、成本、时延与故障定位
主题：事件与回放
权威事件写入持久化存储，前端通过SSE查看实时状态。回放使用同一事件序列重建流程，不依赖前端动画；敏感输入在日志中做脱敏或引用存储。
适用边界：前端状态必须来自后端事件；敏感正文不进入普通日志；指标需绑定明确版本",4,"[""SRC-NIST-AI-RMF""]",trusted_core,candidate_validated
f0742f62-c9f4-5f8a-999d-ec0dd6dad892,8a6d4207-0b73-570f-88a9-0a286da9db8d,RAG-M07-N01,RAG-M07,父子检索、层级检索与长文档问答：层级节点,"知识点：父子检索、层级检索与长文档问答
主题：层级节点
同一文档可以递归拆成章节、段落和句群等多层节点。节点列表虽然可平面存储，但必须保留PARENT、CHILD、PREVIOUS和NEXT关系。
适用边界：父子关系必须可验证；权限在父子回溯时仍生效；长文档策略需与普通混合检索对比",3,"[""SRC-LLAMAINDEX-HIERARCHY""]",trusted_core,candidate_validated
5f4eccda-6f09-5765-a474-1fefb35f191c,8662dadf-3f31-5802-8bf9-9a4024d1fda3,RAG-M07-N01,RAG-M07,父子检索、层级检索与长文档问答：小块检索大块返回,"知识点：父子检索、层级检索与长文档问答
主题：小块检索大块返回
查询先匹配信息密度高的叶子节点，再按父关系补回必要章节。这样比直接检索大块更精确，也比只返回小块更完整。
适用边界：父子关系必须可验证；权限在父子回溯时仍生效；长文档策略需与普通混合检索对比",3,"[""SRC-LLAMAINDEX-HIERARCHY""]",trusted_core,candidate_validated
5b4a9cf8-96f5-587c-b7ed-8d27c2f15d0b,5beb2f8c-4908-51ba-b2b5-8020e17bcf3c,RAG-M07-N01,RAG-M07,父子检索、层级检索与长文档问答：合并与预算,"知识点：父子检索、层级检索与长文档问答
主题：合并与预算
多个叶子命中同一父节点时应合并去重；父节点过大时可只取相关窗口。上下文打包仍需遵守token预算和权限过滤。
适用边界：父子关系必须可验证；权限在父子回溯时仍生效；长文档策略需与普通混合检索对比",3,"[""SRC-LOST-MIDDLE-2024""]",trusted_core,candidate_validated
3ea339b4-3da0-57cf-833a-630a5812aac9,38a85343-ee96-5bb6-a36d-102b65702aee,RAG-M07-N01,RAG-M07,父子检索、层级检索与长文档问答：适用边界,"知识点：父子检索、层级检索与长文档问答
主题：适用边界
层级检索适合结构稳定的长文档。对独立FAQ、短事实或跨文档实体关系，普通混合检索或图检索可能更合适。
适用边界：父子关系必须可验证；权限在父子回溯时仍生效；长文档策略需与普通混合检索对比",3,"[""SRC-GRAPHRAG-OFFICIAL"", ""SRC-LLAMAINDEX-HIERARCHY""]",trusted_core,candidate_validated
be0259e4-7475-5cf3-8992-44bf31fc3194,98506802-b517-54d1-830d-4593bd3abca6,RAG-M07-N02,RAG-M07,GraphRAG、实体关系与局部/全局查询：图结构价值,"知识点：GraphRAG、实体关系与局部/全局查询
主题：图结构价值
文本相似度难以直接回答“谁依赖谁”“某故障经过哪些环节传播”等关系问题。图结构显式保存实体和关系，可执行邻域、路径或社区级查询。
适用边界：图边必须有来源证据；全局查询必须设置成本上限；图策略上线前需证明相对基线收益",4,"[""SRC-GRAPHRAG-OFFICIAL""]",trusted_core,candidate_validated
23155317-ab77-509f-8d05-1827f6913a0d,52ab22c2-b150-504d-a10c-3c4d2f8bf0e5,RAG-M07-N02,RAG-M07,GraphRAG、实体关系与局部/全局查询：Local Search,"知识点：GraphRAG、实体关系与局部/全局查询
主题：Local Search
局部查询把与特定实体相关的图数据和原文切片组合，适合围绕具体实体、关系和邻域的问题，并保留到原始文本的证据链。
适用边界：图边必须有来源证据；全局查询必须设置成本上限；图策略上线前需证明相对基线收益",4,"[""SRC-GRAPHRAG-OFFICIAL""]",trusted_core,candidate_validated
23b37e15-2774-5655-87f7-40d8b02fe464,2d40b0bf-895a-5c32-8073-ecf7ecf35403,RAG-M07-N02,RAG-M07,GraphRAG、实体关系与局部/全局查询：Global Search,"知识点：GraphRAG、实体关系与局部/全局查询
主题：Global Search
全局查询基于社区报告等摘要理解整个数据集的主要主题，通常资源消耗更高，适合“总体有哪些主要风险或趋势”等整体性问题。
适用边界：图边必须有来源证据；全局查询必须设置成本上限；图策略上线前需证明相对基线收益",4,"[""SRC-GRAPHRAG-OFFICIAL""]",trusted_core,candidate_validated
4f834270-c628-5538-b5be-6e105c569db4,34ab589e-3895-5dda-af1f-7ba8ebf76721,RAG-M07-N02,RAG-M07,GraphRAG、实体关系与局部/全局查询：图质量与边界,"知识点：GraphRAG、实体关系与局部/全局查询
主题：图质量与边界
实体归一化、关系方向、时间范围和来源必须可追溯。图抽取错误会被路径查询放大，因此需要抽样审核、冲突处理和与普通混合检索的消融比较。
适用边界：图边必须有来源证据；全局查询必须设置成本上限；图策略上线前需证明相对基线收益",4,"[""SRC-NIST-AI-RMF""]",trusted_core,candidate_validated
5268db10-a507-532c-86b6-5c2b2ccf2950,48d5743b-bdaa-59ed-9b3c-6afd2a6a238d,RAG-M07-N03,RAG-M07,Agentic RAG、问题分解与检索自修复：计划与工具选择,"知识点：Agentic RAG、问题分解与检索自修复
主题：计划与工具选择
Agent先识别子问题和证据类型，再从混合检索、层级检索、图查询、结构化查询或代码检索中选择工具。工具目录和权限由系统固定，不能由模型自行创造。
适用边界：工具与状态边由代码控制；循环有硬上限；高风险工具必须人工确认",4,"[""SRC-GRAPHRAG-OFFICIAL"", ""SRC-NIST-AI-RMF""]",trusted_core,candidate_validated
ba8bd2af-5dd6-56b1-a26b-2c3120ae5807,9122166e-62a5-5f90-aa9f-6b701a509ac9,RAG-M07-N03,RAG-M07,Agentic RAG、问题分解与检索自修复：证据检查循环,"知识点：Agentic RAG、问题分解与检索自修复
主题：证据检查循环
每次检索后检查关键子问题是否有足够、可信且不冲突的证据。若不足，可改写查询或切换工具；达到最大步数仍不足则拒答或转人工。
适用边界：工具与状态边由代码控制；循环有硬上限；高风险工具必须人工确认",4,"[""SRC-NIST-AI-RMF""]",trusted_core,candidate_validated
15c79bdf-c5cb-59eb-8486-a1ad5e961848,a06b3a62-37a7-5230-9a9a-f0ca5d15f1e9,RAG-M07-N03,RAG-M07,Agentic RAG、问题分解与检索自修复：确定性边界,"知识点：Agentic RAG、问题分解与检索自修复
主题：确定性边界
状态机应规定允许的节点、边、重试次数、超时和预算。Agent提供计划建议，Runtime验证后执行，避免模型直接控制数据库和高权限工具。
适用边界：工具与状态边由代码控制；循环有硬上限；高风险工具必须人工确认",4,"[""SRC-OWASP-PROMPT-INJECTION"", ""SRC-NIST-AI-RMF""]",trusted_core,candidate_validated
6a301e99-ed65-518b-970b-52f425e4b19b,6c831bf7-0966-5b49-bcb0-319c51feb9fa,RAG-M07-N03,RAG-M07,Agentic RAG、问题分解与检索自修复：评测与回放,"知识点：Agentic RAG、问题分解与检索自修复
主题：评测与回放
除答案质量外，还要评测平均工具调用数、无效循环率、计划成功率、恢复率、成本和可回放性，并与固定流水线比较。
适用边界：工具与状态边由代码控制；循环有硬上限；高风险工具必须人工确认",4,"[""SRC-NIST-AI-RMF""]",trusted_core,candidate_validated
1fe1900b-4b76-56c2-891c-347e3b495543,62932873-51ea-5a17-86b5-b386af4b4671,RAG-M07-N04,RAG-M07,结构化、代码与多模态知识路由：结构化知识,"知识点：结构化、代码与多模态知识路由
主题：结构化知识
固定字段、规则清单、指标和关系表优先使用SQL或受控查询，避免模型从文本化表格猜测数值。查询结果需携带表、字段、时间和过滤条件。
适用边界：精确数值优先结构化查询；代码保留符号关系；视觉证据保留原始资产引用",5,"[""SRC-NIST-AI-RMF""]",trusted_core,candidate_validated
44908675-1ad6-5693-8383-4957f92d648d,cc8a5bcb-a904-508d-becf-7c11bae4e059,RAG-M07-N04,RAG-M07,结构化、代码与多模态知识路由：代码知识,"知识点：结构化、代码与多模态知识路由
主题：代码知识
代码检索应按仓库、文件、符号、签名、注释和调用关系建立索引。只按固定字符切片可能把函数和依赖拆散，降低解释和修复质量。
适用边界：精确数值优先结构化查询；代码保留符号关系；视觉证据保留原始资产引用",5,"[""SRC-LLAMAINDEX-HIERARCHY""]",trusted_core,candidate_validated
eae33691-5fc7-5449-951f-8d71e2bc8c04,08c393ce-e227-59c9-b152-c945db8c3b40,RAG-M07-N04,RAG-M07,结构化、代码与多模态知识路由：多模态知识,"知识点：结构化、代码与多模态知识路由
主题：多模态知识
架构图、流程图和截图可保存原始资产、OCR文本、人工说明和对象位置。生成器引用视觉证据时应给出图号或区域，不能只引用自动描述。
适用边界：精确数值优先结构化查询；代码保留符号关系；视觉证据保留原始资产引用",5,"[""SRC-NIST-AI-RMF""]",trusted_core,candidate_validated
fe812090-925c-510c-b367-4e0ea880a568,597a13ad-5a95-5959-953b-1121d00ba127,RAG-M07-N04,RAG-M07,结构化、代码与多模态知识路由：路由与融合,"知识点：结构化、代码与多模态知识路由
主题：路由与融合
Knowledge Profile描述内容结构，Query Router根据问题选择一个或多个工具，Evidence Merger统一成证据对象。路由不确定时可并行低成本检索或回退到人工配置。
适用边界：精确数值优先结构化查询；代码保留符号关系；视觉证据保留原始资产引用",5,"[""SRC-GRAPHRAG-OFFICIAL"", ""SRC-NIST-AI-RMF""]",trusted_core,candidate_validated
4781a8a6-c753-5eb7-bad1-638d07aa23a9,a7da9668-9a0f-5eb3-8d65-1e2f8a3f2cfb,RAG-M08-N01,RAG-M08,知识服务API、契约与Agent集成：检索请求,"知识点：知识服务API、契约与Agent集成
主题：检索请求
请求至少包含retrieval_request_id、knowledge_base_version_id、query_text、top_k和filters。身份与权限过滤由后端生成，Agent不能通过自然语言绕过。
适用边界：浏览器不得直接访问内部检索服务；所有输出先过Schema；破坏性变更需要显式版本",2,"[""SRC-OPENAPI-31"", ""SRC-NIST-AI-RMF""]",trusted_core,candidate_validated
2d2dc7d4-b6fe-52c9-a387-472505493a67,a9903154-d349-5bb0-84f1-96c0c210e11e,RAG-M08-N01,RAG-M08,知识服务API、契约与Agent集成：证据响应,"知识点：知识服务API、契约与Agent集成
主题：证据响应
每个证据对象至少包含evidence_id、chunk_id、document_id、content_excerpt和relevance_score；扩展字段可包含知识节点、来源、位置、排名路径和引用文本。
适用边界：浏览器不得直接访问内部检索服务；所有输出先过Schema；破坏性变更需要显式版本",2,"[""SRC-OPENAPI-31"", ""SRC-COMPETITION-XH-202630""]",trusted_core,candidate_validated
3081e3ba-c78f-5597-8ac1-3eca5e5f1bcd,e706b43c-21c6-5e1e-be27-a6d15bf6dca6,RAG-M08-N01,RAG-M08,知识服务API、契约与Agent集成：契约优先,"知识点：知识服务API、契约与Agent集成
主题：契约优先
OpenAPI定义HTTP边界，JSON Schema定义Agent模块输入输出，字段字典统一语义。前端、后端和Agent通过生成类型和契约测试并行开发，而不是靠口头约定。
适用边界：浏览器不得直接访问内部检索服务；所有输出先过Schema；破坏性变更需要显式版本",2,"[""SRC-OPENAPI-31""]",trusted_core,candidate_validated
41eba607-2856-52a2-9366-9493305ecf11,a089978b-f264-5e1f-8ec5-299595c46819,RAG-M08-N01,RAG-M08,知识服务API、契约与Agent集成：兼容与变更,"知识点：知识服务API、契约与Agent集成
主题：兼容与变更
新增可选字段通常可向后兼容，删除、重命名、改变类型或枚举需要版本升级和迁移期。接口变更必须说明所有者、影响模块、Mock和回滚方案。
适用边界：浏览器不得直接访问内部检索服务；所有输出先过Schema；破坏性变更需要显式版本",2,"[""SRC-OPENAPI-31"", ""SRC-NIST-AI-RMF""]",trusted_core,candidate_validated
b6f0b617-2ff6-5325-844c-c951020cef7a,a0691617-7aef-5cbb-999b-318ce930f4d5,RAG-M08-N02,RAG-M08,持久化、事务、缓存与一致性：存储分层,"知识点：持久化、事务、缓存与一致性
主题：存储分层
结构化权威记录放PostgreSQL，向量可由pgvector同库保存；PDF、图片和代码包放对象存储；Redis仅保存可重建的缓存、分布式锁或短期协调数据。
适用边界：客户端不持有数据库凭据；缓存必须可重建；激活版本切换需要事务与审计",3,"[""SRC-PGVECTOR-OFFICIAL"", ""SRC-NIST-AI-RMF""]",trusted_core,candidate_validated
254406ec-0569-599b-beda-b7393aa0e4fa,216cb12a-abee-5c74-a2e2-8ad16395fae0,RAG-M08-N02,RAG-M08,持久化、事务、缓存与一致性：写入所有权,"知识点：持久化、事务、缓存与一致性
主题：写入所有权
业务后端验证Agent建议后才写画像、资源和路径；知识构建流程写入候选版本，发布操作在事务中切换激活版本。Agent默认通过工具或内部API读取快照。
适用边界：客户端不持有数据库凭据；缓存必须可重建；激活版本切换需要事务与审计",3,"[""SRC-NIST-AI-RMF""]",trusted_core,candidate_validated
8f1d0eac-5952-57d6-bfd7-a0ffd52906ad,83d3d7ce-7589-50b3-ae42-99e860593e20,RAG-M08-N02,RAG-M08,持久化、事务、缓存与一致性：缓存键,"知识点：持久化、事务、缓存与一致性
主题：缓存键
检索缓存必须包含知识版本、规范化查询、权限过滤、策略和参数。缺少版本或权限会返回过期或越权结果。发布新版本后可自然使用新键并逐步清理旧缓存。
适用边界：客户端不持有数据库凭据；缓存必须可重建；激活版本切换需要事务与审计",3,"[""SRC-NIST-AI-RMF""]",trusted_core,candidate_validated
90c14f77-5b44-55f0-be1b-f1a032df687b,e5980c5c-382b-51b1-a425-0f896e0d688e,RAG-M08-N02,RAG-M08,持久化、事务、缓存与一致性：事件一致性,"知识点：持久化、事务、缓存与一致性
主题：事件一致性
工作流状态和关键事件应持久化，Redis消息不能作为唯一真相。可使用事务外盒或幂等消费确保数据库状态与异步任务之间最终一致。
适用边界：客户端不持有数据库凭据；缓存必须可重建；激活版本切换需要事务与审计",3,"[""SRC-NIST-AI-RMF""]",trusted_core,candidate_validated
4a959757-1160-55bc-8ca1-289952bdd833,8d9b1474-edc1-5907-9284-c13592082a29,RAG-M08-N03,RAG-M08,性能、批处理、缓存与容量规划：容量变量,"知识点：性能、批处理、缓存与容量规划
主题：容量变量
容量模型至少考虑文档数、切片数、向量维度、索引大小、每日更新量、并发查询、候选池、重排调用和生成token。数据规模与查询模式共同决定瓶颈。
适用边界：性能优化不得突破质量下限；所有外部调用有超时；系统必须有背压和降级",4,"[""SRC-PGVECTOR-OFFICIAL""]",trusted_core,candidate_validated
1ca150e5-ccee-5010-ae89-129c6d3303d1,4c1d2fed-7251-5c77-8fb9-405983e2e002,RAG-M08-N03,RAG-M08,性能、批处理、缓存与容量规划：批处理与索引,"知识点：性能、批处理、缓存与容量规划
主题：批处理与索引
初次导入可批量生成嵌入并使用COPY加载，初始数据完成后再建近似索引通常更高效。增量更新需控制索引维护和版本一致性。
适用边界：性能优化不得突破质量下限；所有外部调用有超时；系统必须有背压和降级",4,"[""SRC-PGVECTOR-OFFICIAL""]",trusted_core,candidate_validated
597dcaa0-b2c5-53e3-a597-fcd6e77f4be2,a7caef67-cf4a-5fc4-a770-9f695ad627f6,RAG-M08-N03,RAG-M08,性能、批处理、缓存与容量规划：并行与缓存,"知识点：性能、批处理、缓存与容量规划
主题：并行与缓存
关键词和向量召回可并行，重复查询可缓存检索结果，稳定文档可缓存嵌入。缓存命中不能绕过权限和版本；并行任务需设置总超时。
适用边界：性能优化不得突破质量下限；所有外部调用有超时；系统必须有背压和降级",4,"[""SRC-NIST-AI-RMF""]",trusted_core,candidate_validated
1de1008a-f28f-562f-bf35-1b730668a20f,fd6ae84e-23a4-5b44-85a7-d12f8246b9f4,RAG-M08-N03,RAG-M08,性能、批处理、缓存与容量规划：降级策略,"知识点：性能、批处理、缓存与容量规划
主题：降级策略
重排超时可退回混合排名，生成模型不可用可返回已审核静态资源，向量路径失败可退回关键词检索。每种降级都应标记质量等级并记录事件。
适用边界：性能优化不得突破质量下限；所有外部调用有超时；系统必须有背压和降级",4,"[""SRC-NIST-AI-RMF""]",trusted_core,candidate_validated
cc0a8100-4511-5c8e-895e-01693c62f155,0af1e8e2-843f-554e-af8f-c5115de5ccd8,RAG-M08-N04,RAG-M08,本地开发、容器部署、安全与运维：本地开发拓扑,"知识点：本地开发、容器部署、安全与运维
主题：本地开发拓扑
前端、业务后端、Agent Runtime、PostgreSQL/pgvector和Redis可在一台开发机运行。数据库数据卷、上传文件和密钥不提交Git，仓库只保存迁移、种子、契约和代码。
适用边界：密钥不进Git；内部端口不对公网；发布前必须验证备份和回滚",5,"[""SRC-PGVECTOR-OFFICIAL"", ""SRC-NIST-AI-RMF""]",trusted_core,candidate_validated
0d831f51-9738-5d32-ab45-e4bf764beb81,9ee66678-89ed-5378-b51f-57bc0edfe9a9,RAG-M08-N04,RAG-M08,本地开发、容器部署、安全与运维：服务边界,"知识点：本地开发、容器部署、安全与运维
主题：服务边界
浏览器只访问前端和Public API；Internal Agent API、数据库和Redis不向公网开放。后端负责身份、权限、权威写入和Agent结果采纳。
适用边界：密钥不进Git；内部端口不对公网；发布前必须验证备份和回滚",5,"[""SRC-OWASP-PROMPT-INJECTION"", ""SRC-NIST-AI-RMF""]",trusted_core,candidate_validated
e05accf0-034c-5292-9eba-a01d5dbfd8c1,cceb5911-0533-57ae-8400-8f5f80f11680,RAG-M08-N04,RAG-M08,本地开发、容器部署、安全与运维：配置与密钥,"知识点：本地开发、容器部署、安全与运维
主题：配置与密钥
API Key、数据库密码和对象存储凭据通过环境变量或密钥管理注入，日志和错误响应不得回显。不同环境使用独立配置和最小权限账号。
适用边界：密钥不进Git；内部端口不对公网；发布前必须验证备份和回滚",5,"[""SRC-OWASP-PROMPT-INJECTION""]",trusted_core,candidate_validated
b9e5936b-a6af-51b2-bc0b-c143d2a59338,58052dfe-4dc7-5155-a507-14fde93333d3,RAG-M08-N04,RAG-M08,本地开发、容器部署、安全与运维：发布与恢复,"知识点：本地开发、容器部署、安全与运维
主题：发布与恢复
上线前执行数据库迁移演练、备份恢复、知识版本回滚、模型不可用降级、健康检查和全量回归。演示环境准备固定数据和离线回放，避免网络波动破坏展示。
适用边界：密钥不进Git；内部端口不对公网；发布前必须验证备份和回滚",5,"[""SRC-NIST-AI-RMF"", ""SRC-COMPETITION-XH-202630""]",trusted_core,candidate_validated
28715734-9920-51c1-8cd5-e824313f9fdc,3d790109-f3fd-5b5a-8ad7-83a413013d4b,RAG-SUB-rag_definition,RAG-M01,RAG基本定义：概念与原理,检索增强生成把可更新、可追踪的外部知识作为上下文提供给生成模型。模型参数负责语言理解与组织，外部知识库承担事实记忆与版本更新。工程上应把检索结果、生成提示词和最终回答分开记录，才能定位错误来自检索还是生成。,1,"[""EXT-SRC-SRC-RAG-ORIGINAL""]",trusted_ai_generated,pending_team_review
f3e2f8f4-879e-5bd3-be34-f694a5061671,49874bf9-459f-583f-97e3-77f7b5e1b548,RAG-SUB-rag_definition,RAG-M01,RAG基本定义：工程实施,最小实现包含查询输入、检索器、候选证据、上下文构造、生成器和引用输出。先用一个小而可靠的知识库和固定问题集建立基线，再逐步增加查询改写、混合检索和重排序。,1,"[""EXT-SRC-SRC-RAG-SURVEY""]",trusted_ai_generated,pending_team_review
6d006798-5a44-5c4e-acf3-83a991ed3420,ebce3ec7-8cb3-59b0-ae88-03f2ca6c009b,RAG-SUB-rag_definition,RAG-M01,RAG基本定义：常见错误与诊断,常见误区是把向量数据库等同于RAG，或认为接入知识库后就不会幻觉。若检索不到正确证据、上下文被截断或模型无视证据，仍会产生错误。,1,"[""EXT-SRC-SRC-RAG-SURVEY""]",trusted_ai_generated,pending_team_review
32eab66f-91ea-5220-86e7-1041b96d331c,a6585dd6-d992-5787-9746-604821275b5d,RAG-SUB-rag_definition,RAG-M01,RAG基本定义：适用边界与决策,对完全不依赖外部事实的创意写作、闲聊或纯计算任务，RAG未必有收益；对高风险答案，RAG也不能替代人工审核和业务规则。,1,"[""EXT-SRC-SRC-RAG-SURVEY""]",trusted_ai_generated,pending_team_review
4d1512a7-64f0-5aab-880b-99c631755080,69943873-7567-5f63-b774-d7101a449690,RAG-SUB-rag_end_to_end_architecture,RAG-M01,RAG端到端架构：概念与原理,完整RAG不是一次“检索后拼提示词”的调用，而是两条链路：离线知识链路负责来源治理、解析、切分、向量化和索引；在线问答链路负责查询理解、检索、重排、上下文选择、生成、引用和反馈。,1,"[""EXT-SRC-SRC-RAG-ORIGINAL""]",trusted_ai_generated,pending_team_review
60701e1c-2222-5491-9beb-73dcb1742a95,37bdd36a-e586-5804-94dd-cf9ab7b620c2,RAG-SUB-rag_end_to_end_architecture,RAG-M01,RAG端到端架构：工程实施,建议为每次请求创建correlation_id，并保存query、retrieved_chunk_ids、scores、reranked_order、prompt_version、model_version、answer和latency。离线索引也要记录knowledge_base_version_id，保证结果可复现。,1,"[""EXT-SRC-SRC-RAG-SURVEY""]",trusted_ai_generated,pending_team_review
9f26fd17-849f-567e-b903-e55ab934cd16,3f00e3b4-c58d-581d-8b86-031983c791c3,RAG-SUB-rag_end_to_end_architecture,RAG-M01,RAG端到端架构：常见错误与诊断,只记录最终答案会导致故障无法定位；知识库更新后不做回归，会出现旧问题突然失效；离线与在线使用不同切分或嵌入版本也会造成不一致。,1,"[""EXT-SRC-SRC-OPENTELEMETRY""]",trusted_ai_generated,pending_team_review
8d7b1bb3-4794-5c4f-bdb9-38bf9bfa37ba,cfccad5c-c894-53cc-98c8-2255e145a3ac,RAG-SUB-rag_end_to_end_architecture,RAG-M01,RAG端到端架构：适用边界与决策,比赛原型可将模块部署在同一后端中，但接口和数据边界仍应明确；商业化后再按吞吐、隔离和运维需求拆分服务。,1,"[""EXT-SRC-SRC-OPENTELEMETRY""]",trusted_ai_generated,pending_team_review
e07a955d-6029-55d9-9345-3c8f2cd7b976,ff0e610d-af35-5a31-9a96-7171c3584acc,RAG-SUB-parametric_nonparametric_memory,RAG-M01,参数记忆与外部记忆：概念与原理,语言模型参数中的知识更新成本高、来源难追踪；外部知识库可以独立更新、版本化并返回出处。RAG的价值不是完全消除模型知识，而是让模型在回答时获得与任务相关的显式证据。,2,"[""EXT-SRC-SRC-RAG-ORIGINAL""]",trusted_ai_generated,pending_team_review
b3e9d7e6-dbf3-50ac-ad9b-e271db7d4ae4,e2a687b2-e705-5bde-807c-98831b608d00,RAG-SUB-parametric_nonparametric_memory,RAG-M01,参数记忆与外部记忆：工程实施,对事实性字段、企业规则和时效内容，应要求答案由外部证据支持；对语言组织、解释和概括，可利用模型能力。提示词中要明确哪些内容允许推理，哪些内容必须逐项引用。,2,"[""EXT-SRC-SRC-RAG-ORIGINAL""]",trusted_ai_generated,pending_team_review
25af0e2f-2aa9-56a8-bd75-6dc49919469f,d5292e6e-9a50-59e9-ac84-d0094e6361f7,RAG-SUB-parametric_nonparametric_memory,RAG-M01,参数记忆与外部记忆：常见错误与诊断,把模型记忆当成权威来源会造成过时或不可审计的答案；反过来，要求每个常识词都必须检索，会增加延迟并降低自然度。,2,"[""EXT-SRC-SRC-RAG-ORIGINAL""]",trusted_ai_generated,pending_team_review
f91d8114-5292-5a4f-aef4-010317476231,fae5556a-2c2c-5c01-a5b3-8272ea3334ed,RAG-SUB-parametric_nonparametric_memory,RAG-M01,参数记忆与外部记忆：适用边界与决策,在证据不足时应拒答或请求补充资料，而不是让参数记忆补齐企业内部事实。,2,"[""EXT-SRC-SRC-RAG-ORIGINAL""]",trusted_ai_generated,pending_team_review
0337795c-7632-5163-8a94-8ef107e2cbdc,9a57b1b9-fd11-50ba-bdd0-eedbd7f166a0,RAG-SUB-rag_applicability,RAG-M01,RAG适用性判断：概念与原理,RAG适合知识可文档化、答案需要来源、内容经常更新或不同用户有权限差异的场景。选择RAG前应明确知识源、查询类型、风险等级、允许延迟、更新频率和评价标准。,2,"[""EXT-SRC-SRC-RAG-SURVEY""]",trusted_ai_generated,pending_team_review
646ff8f6-d44c-5fc2-b4b4-8e9cf47bb56f,3fe1f022-3615-59c6-83ca-dbbcc855fd0e,RAG-SUB-rag_applicability,RAG-M01,RAG适用性判断：工程实施,先用决策表评估：是否有可靠语料、是否能定义正确答案、是否要求引用、是否需要实时数据、是否涉及工具执行。简单FAQ可用稀疏或混合检索；跨文档关系问题可能需要图结构或多步检索。,2,"[""EXT-SRC-SRC-NIST-GAI""]",trusted_ai_generated,pending_team_review
6b2ce6a4-eed3-505c-b90a-0d6775bb5900,af5b5947-55a2-5368-a2e5-54e9be8cf1c7,RAG-SUB-rag_applicability,RAG-M01,RAG适用性判断：常见错误与诊断,为了“使用AI”而上RAG会制造不必要复杂度；没有可靠知识源时，系统只能把低质量内容检索得更快；没有评测集时也无法证明RAG有效。,2,"[""EXT-SRC-SRC-NIST-GAI""]",trusted_ai_generated,pending_team_review
27c461ca-c0ff-5695-a1fc-0c69992494c6,7bd6d185-e2a0-502b-8073-4c8a534a47a9,RAG-SUB-rag_applicability,RAG-M01,RAG适用性判断：适用边界与决策,实时交易、复杂计算或需要写入外部系统的任务，通常还需要工具调用、规则引擎或人工审批，不能仅依靠RAG。,2,"[""EXT-SRC-SRC-NIST-GAI""]",trusted_ai_generated,pending_team_review
f79f98eb-26dd-52a7-b6c6-dac8f783264d,a851f4e0-1280-5a10-904c-7c6feeb66b76,RAG-SUB-rag_failure_taxonomy,RAG-M01,RAG失败类型：概念与原理,RAG错误可分为：知识源缺失或错误、解析与切分损失、查询理解失败、候选召回失败、重排失败、上下文选择失败、生成不忠实、引用错误以及权限或版本错误。不同错误需要不同修复手段。,2,"[""EXT-SRC-SRC-RAG-SURVEY""]",trusted_ai_generated,pending_team_review
dc983ca6-35aa-5cd7-b4e6-8bb7483e32f0,9baf6e31-0f6e-502c-8ade-4aa84ce4e1a9,RAG-SUB-rag_failure_taxonomy,RAG-M01,RAG失败类型：工程实施,建立错误案例表，至少记录问题、期望证据、实际证据、回答、错误阶段、根因和修复动作。评测报告应分别呈现检索指标和生成指标，避免用一个总分掩盖问题。,2,"[""EXT-SRC-SRC-EVAL-SURVEY""]",trusted_ai_generated,pending_team_review
4b824cce-7972-5534-8cc7-88b873081f73,55bf65bb-e4a6-58ed-8909-a34bc8f9c395,RAG-SUB-rag_failure_taxonomy,RAG-M01,RAG失败类型：常见错误与诊断,看到答案错误就盲目更换大模型，可能掩盖真正的检索缺陷；只看Recall@K也无法说明生成是否忠实；只看人工主观评分则难以回归。,2,"[""EXT-SRC-SRC-RAGAS""]",trusted_ai_generated,pending_team_review
7f72b544-14e6-5882-a3aa-262edc792c46,10ea6057-0515-523e-8dc0-63e3c144ef37,RAG-SUB-rag_failure_taxonomy,RAG-M01,RAG失败类型：适用边界与决策,根因无法确定时，先固定生成模型与提示词，对检索进行离线复现；再固定检索结果检查生成行为，逐段隔离问题。,2,"[""EXT-SRC-SRC-RAGAS""]",trusted_ai_generated,pending_team_review
bcad3b3a-0c8a-51f5-b20c-6ee32cf8d41d,913be86f-aa12-58b9-aece-a840a067a1fc,RAG-SUB-knowledge_source_selection,RAG-M02,知识源选择：概念与原理,知识源质量决定RAG上限。来源应与培训目标和岗位任务直接相关，优先采用官方标准、产品文档、经审核的内部制度和专家确认材料，并记录来源所有者、版本与适用范围。,1,"[""EXT-SRC-SRC-NIST-GAI""]",trusted_ai_generated,pending_team_review
fcf4a6c5-b7dd-5ddd-9cbf-478a50b6acff,7ca80f17-8fa8-5e7f-875d-f85ab0981f9a,RAG-SUB-knowledge_source_selection,RAG-M02,知识源选择：工程实施,建立来源登记表：source_id、标题、URI或文件标识、版本、发布时间、权限级别、许可说明、审核人和失效日期。导入前先做覆盖映射，确认每个核心知识点至少有可追溯来源。,1,"[""EXT-SRC-SRC-RAG-SURVEY""]",trusted_ai_generated,pending_team_review
631172a6-6572-58b1-a352-9fa5fa9edf98,695aa152-c45b-5658-9a30-92171455c6cd,RAG-SUB-knowledge_source_selection,RAG-M02,知识源选择：常见错误与诊断,把搜索结果、营销文章和未经审核的聊天记录直接混入正式知识库，会降低权威性；只追求文档数量也会引入重复、冲突和噪声。,1,"[""EXT-SRC-SRC-RAG-SURVEY""]",trusted_ai_generated,pending_team_review
f227ede9-ff1b-5deb-a733-f5f7b66316bb,b2796ca4-ca27-5d11-a203-0c8df169ed48,RAG-SUB-knowledge_source_selection,RAG-M02,知识源选择：适用边界与决策,来源存在冲突时，应定义优先级并保留冲突记录；无法确认授权或真实性的材料只能作为待审核种子，不能用于正式高风险结论。,1,"[""EXT-SRC-SRC-RAG-SURVEY""]",trusted_ai_generated,pending_team_review
900a3526-4f52-5eb0-9d7a-63bca6c71de9,efe9c728-c907-5adf-996e-b84215ce9f83,RAG-SUB-source_authority_provenance,RAG-M02,来源权威性与溯源：概念与原理,溯源要求每个知识片段能回到source_id、文档版本和定位信息，每个答案中的关键结论能回到evidence_chunk_ids。权威等级应与业务风险关联，而不是只用一个“可信”标签。,2,"[""EXT-SRC-SRC-RAG-ORIGINAL""]",trusted_ai_generated,pending_team_review
f9564adb-4835-5ac9-a2d0-92df1de71f49,1d281baa-ceda-5bbf-a360-ccd5e5fb34f2,RAG-SUB-source_authority_provenance,RAG-M02,来源权威性与溯源：工程实施,片段元数据至少保存source_title、source_uri、source_locator、authority_level和content_hash。生成阶段输出引用编号，审核阶段验证引用存在、内容相关且确实支持结论。,2,"[""EXT-SRC-SRC-NIST-GAI""]",trusted_ai_generated,pending_team_review
9c95de92-d569-5fe5-94c7-212c56af232f,787420c4-da27-5098-b0f6-f4b3d84e596b,RAG-SUB-source_authority_provenance,RAG-M02,来源权威性与溯源：常见错误与诊断,只有链接没有版本或段落位置，知识更新后就无法复现；引用一篇相关文档但证据并不支持具体结论，也属于错误引用。,2,"[""EXT-SRC-SRC-NIST-GAI""]",trusted_ai_generated,pending_team_review
f90eb53f-ea74-5670-9e36-bd7fc224b996,5d31e754-e227-5157-8327-9ecfc7fc22d2,RAG-SUB-source_authority_provenance,RAG-M02,来源权威性与溯源：适用边界与决策,对内部保密资料可以隐藏外部URI，但仍需保存内部文档编号和位置；对无法公开的证据，前端可展示受控摘要而非原文。,2,"[""EXT-SRC-SRC-NIST-GAI""]",trusted_ai_generated,pending_team_review
b3e5b63d-be15-5263-972e-a0e11be11009,aeb513a8-5c06-5da0-943f-11ec4dae0b5d,RAG-SUB-versioning_freshness,RAG-M02,版本与时效治理：概念与原理,知识库版本应不可变。新资料或修订内容生成新版本，经质量检查后再发布和激活。查询、评测和答案日志必须记录使用的knowledge_base_version_id，便于复现和回滚。,2,"[""EXT-SRC-SRC-RAG-ORIGINAL""]",trusted_ai_generated,pending_team_review
7d1f168a-7ed7-51e0-99f6-908705a62eaf,7ca24d70-cebb-5b49-b40f-6d53a27c20e0,RAG-SUB-versioning_freshness,RAG-M02,版本与时效治理：工程实施,为来源设置valid_from、valid_to或review_due_at；构建增量更新流程，变更后只重建受影响片段和索引，并运行固定回归集。生产环境保留当前版本和至少一个可回滚版本。,2,"[""EXT-SRC-SRC-NIST-GAI""]",trusted_ai_generated,pending_team_review
57f00674-12bc-5541-b440-455dba26b1bd,d724d74a-ea26-5a60-b7df-1cb14b4ece5f,RAG-SUB-versioning_freshness,RAG-M02,版本与时效治理：常见错误与诊断,直接覆盖旧片段会使历史答案无法解释；只看文件修改时间会误判内容时效；索引版本和元数据版本不一致会返回已删除或无权限内容。,2,"[""EXT-SRC-SRC-NIST-GAI""]",trusted_ai_generated,pending_team_review
c1d4efb5-2b63-52a3-8fbd-3dee687bb1e9,081cb772-a25c-5074-b6cf-d96e0b137fbd,RAG-SUB-versioning_freshness,RAG-M02,版本与时效治理：适用边界与决策,对时间敏感问题，应在检索阶段加入时间过滤或新鲜度排序；系统不能自动确认的时效内容，应在回答中说明数据截止时间。,2,"[""EXT-SRC-SRC-NIST-GAI""]",trusted_ai_generated,pending_team_review
773ba50d-06d5-56dd-8c91-33936707c487,295f7439-cb3d-54a7-93cc-05b3cf21d5e1,RAG-SUB-licensing_compliance,RAG-M02,许可与合规：概念与原理,知识可被访问不等于可被复制、再分发或用于商业训练。知识库应记录许可说明、内容所有者、使用范围和是否允许展示原文。个人信息、商业秘密和受限制数据还需单独治理。,2,"[""EXT-SRC-SRC-NIST-GAI""]",trusted_ai_generated,pending_team_review
471b43a0-e0f5-5e68-905e-a3f94479b03b,a9b64ad9-e2aa-5033-a2df-452cf06d6ea9,RAG-SUB-licensing_compliance,RAG-M02,许可与合规：工程实施,导入流程增加许可确认与敏感信息扫描；对外展示时优先提供短引用和来源定位，避免大段复制；企业资料按租户隔离并记录访问日志。,2,"[""EXT-SRC-SRC-NIST-GAI""]",trusted_ai_generated,pending_team_review
577ef5c1-5c64-5880-9146-98fc977fce13,4d48d1c8-6981-5b2a-92d6-7f7f5776b747,RAG-SUB-licensing_compliance,RAG-M02,许可与合规：常见错误与诊断,忽略许可会导致商业化风险；把隐私字段写入向量或日志，可能在检索和调试中泄露；仅靠前端隐藏不能实现真正隔离。,2,"[""EXT-SRC-SRC-NIST-GAI""]",trusted_ai_generated,pending_team_review
01a71d38-e590-5cad-a37f-157245c46994,12676da8-4023-546e-9fa1-3894b4e5c7a6,RAG-SUB-licensing_compliance,RAG-M02,许可与合规：适用边界与决策,无法确认许可的来源只用于内部评测或等待授权，不得标记为企业正式知识；涉及法律、医疗或安全规范时应增加专业审批。,2,"[""EXT-SRC-SRC-NIST-GAI""]",trusted_ai_generated,pending_team_review
2d808787-1bb0-54db-802d-2752e8aba23b,9fc6f612-7c0b-5b63-85b5-eea3201856db,RAG-SUB-access_control_tenant_isolation,RAG-M04,权限过滤与多租户隔离：概念与原理,RAG权限控制必须发生在检索之前或检索过程中。每个片段应带organization_id、visibility、allowed_roles等元数据，检索查询要强制加入权限过滤，不能检索后再依赖模型隐藏。,3,"[""EXT-SRC-SRC-POSTGRES-RLS""]",trusted_ai_generated,pending_team_review
ec1bdf0f-e207-5978-a7ce-e17b3bbd2fee,5c12e602-cd9d-552a-88ff-dfece71ecff6,RAG-SUB-access_control_tenant_isolation,RAG-M04,权限过滤与多租户隔离：工程实施,服务端从认证上下文获取organization_id，而不是信任客户端提交；数据库可使用行级安全策略，向量检索与关键词检索必须使用同一过滤条件；跨租户测试应进入自动回归。,3,"[""EXT-SRC-SRC-OWASP-PROMPT-INJECTION""]",trusted_ai_generated,pending_team_review
eae281b6-5583-5ef5-aa9d-ecb0c3543659,f243e0f3-c740-5b27-9293-46c504a6ae8f,RAG-SUB-access_control_tenant_isolation,RAG-M04,权限过滤与多租户隔离：常见错误与诊断,在一个共享索引中遗漏过滤条件会造成严重串库；把权限信息仅放在提示词中无法阻止模型看到数据；缓存键缺少租户编号也会泄露结果。,3,"[""EXT-SRC-SRC-OWASP-PROMPT-INJECTION""]",trusted_ai_generated,pending_team_review
7112b25d-0cd7-5016-9f45-a0f69f3dddae,d7d14bf7-2c46-53a4-aa31-4408c654414b,RAG-SUB-access_control_tenant_isolation,RAG-M04,权限过滤与多租户隔离：适用边界与决策,高敏感场景可采用物理隔离索引或独立部署；共享索引适合成本敏感场景，但必须有强制过滤、审计和越权测试。,3,"[""EXT-SRC-SRC-OWASP-PROMPT-INJECTION""]",trusted_ai_generated,pending_team_review
f2ef4931-462f-5d11-a3b7-84a7056f7e5d,d2bfd211-f937-52dd-98ad-25176b528a02,RAG-SUB-document_parsing,RAG-M02,文档解析：概念与原理,解析不仅是抽取字符，还要保留标题层级、段落、页码、表格、列表、代码块和图片说明等结构。结构信息决定后续切分、引用和检索质量。,1,"[""EXT-SRC-SRC-RAG-SURVEY""]",trusted_ai_generated,pending_team_review
383387a5-c4c2-5518-ada0-93ccd46af366,f117a769-bd8f-5c52-9441-9e2c3e8d21f0,RAG-SUB-document_parsing,RAG-M02,文档解析：工程实施,为每种格式建立解析器适配层，输出统一中间结构；保存原始文件哈希、解析器版本和解析告警。扫描件需要OCR，但OCR结果应标记置信度并抽样复核。,1,"[""EXT-SRC-SRC-RAG-SURVEY""]",trusted_ai_generated,pending_team_review
eea30706-7bb1-579c-81f6-20a3b58ff772,3d396176-3e15-50ab-9262-6db3e4ba0b45,RAG-SUB-document_parsing,RAG-M02,文档解析：常见错误与诊断,直接按PDF文本顺序读取可能打乱双栏、页眉页脚和表格；解析失败却继续建库，会把乱码和缺失内容变成错误知识。,1,"[""EXT-SRC-SRC-RAG-SURVEY""]",trusted_ai_generated,pending_team_review
15c617b7-92ff-5ccc-8313-5eaeeafbc212,6d05a0de-2794-507d-bf97-6064471512ba,RAG-SUB-document_parsing,RAG-M02,文档解析：适用边界与决策,比赛内置知识包可直接交付结构化内容，企业模式再逐步支持原始文档解析；对复杂表格和图纸，应保留人工确认入口。,1,"[""EXT-SRC-SRC-RAG-SURVEY""]",trusted_ai_generated,pending_team_review
8adf5815-324d-5b2d-ba3f-945efb0dfb25,41200a5e-9017-5235-9103-96d21741846c,RAG-SUB-layout_table_extraction,RAG-M02,版面与表格提取：概念与原理,表格信息依赖行列关系，不能简单拼成连续文本。版面解析需要识别阅读顺序、标题与正文、表格单元格、图注和页码，必要时把结构转成Markdown或结构化JSON。,2,"[""EXT-SRC-SRC-RAG-SURVEY""]",trusted_ai_generated,pending_team_review
12d011ea-2bc8-5872-86b3-0adce5444cc8,0b862aa5-aa22-5315-9192-292a2d7d7a57,RAG-SUB-layout_table_extraction,RAG-M02,版面与表格提取：工程实施,为表格生成表名、字段名、单位和行键；检索时可以同时保存自然语言摘要与原始结构。代码块需保持缩进和语言标签，图表应保存说明与来源位置。,2,"[""EXT-SRC-SRC-RAG-SURVEY""]",trusted_ai_generated,pending_team_review
9c180e38-e516-5327-9654-29a3895ccbee,fd35149d-6519-54e1-95fc-ead583108c6c,RAG-SUB-layout_table_extraction,RAG-M02,版面与表格提取：常见错误与诊断,丢失单位、表头或合并单元格会让生成答案产生严重误差；将每个单元格独立向量化会失去上下文；把代码与说明混排会降低检索精度。,2,"[""EXT-SRC-SRC-RAG-SURVEY""]",trusted_ai_generated,pending_team_review
9ecba06f-2733-5e68-8402-153843573f21,f19dbbdc-ea11-5961-9b1e-e145711c7ac8,RAG-SUB-layout_table_extraction,RAG-M02,版面与表格提取：适用边界与决策,高度依赖图像或空间关系的内容仅靠文本RAG不够，应引入多模态解析或把人工生成的结构化说明作为权威来源。,2,"[""EXT-SRC-SRC-RAG-SURVEY""]",trusted_ai_generated,pending_team_review
5ae501ee-11a8-5856-be64-bd4c76b75d75,7e56d693-00a0-592f-ab46-ada6a2ea938f,RAG-SUB-text_cleaning_normalization,RAG-M02,文本清洗与规范化：概念与原理,清洗目标是降低页眉页脚、乱码、重复空白和格式噪声，但保留编号、单位、大小写、代码符号和章节边界。规范化规则必须可配置并可回放。,1,"[""EXT-SRC-SRC-RAG-SURVEY""]",trusted_ai_generated,pending_team_review
80ccb345-bf03-5322-9255-8c495f651d86,6287d8c6-5c5f-5ba2-97fa-49a31235518f,RAG-SUB-text_cleaning_normalization,RAG-M02,文本清洗与规范化：工程实施,先生成原始文本与清洗文本对照，统计字符损失率和异常符号；对日期、全角半角、Unicode和换行做标准化；保留source_locator以便回查。,1,"[""EXT-SRC-SRC-RAG-SURVEY""]",trusted_ai_generated,pending_team_review
e960bdb9-6b17-522f-9344-23254a8d8687,fb481ca1-c2d0-5044-820f-720ae103e1d0,RAG-SUB-text_cleaning_normalization,RAG-M02,文本清洗与规范化：常见错误与诊断,过度清洗会删除负号、版本号、函数名或表格分隔符；不同语言使用同一规则可能破坏分词；清洗后不重新计算哈希会导致版本不一致。,1,"[""EXT-SRC-SRC-RAG-SURVEY""]",trusted_ai_generated,pending_team_review
d24eebed-3293-5862-97ca-9d76ed0cd0f1,14a45344-e713-549b-af5f-c7a0d62174f0,RAG-SUB-text_cleaning_normalization,RAG-M02,文本清洗与规范化：适用边界与决策,对正式规范和代码文档，应采用保守清洗；对论坛或日志可采用更强去噪，但需明确不作为最高权威来源。,1,"[""EXT-SRC-SRC-RAG-SURVEY""]",trusted_ai_generated,pending_team_review
8fdfc0ab-aff3-5732-b5f0-69a203f26d85,c35ceb04-cdcc-5e38-b8ac-abc9d78d0d2c,RAG-SUB-deduplication,RAG-M02,内容去重：概念与原理,重复内容会占用索引、挤压上下文并导致多个相同证据看似互相印证。去重应区分完全哈希重复、文本近似重复和同一文档不同版本。,2,"[""EXT-SRC-SRC-RAG-SURVEY""]",trusted_ai_generated,pending_team_review
d9f69840-aaf7-54ed-9408-a4ca81aa4d99,32121dda-81b1-53bc-82ed-a02a3b36ad01,RAG-SUB-deduplication,RAG-M02,内容去重：工程实施,文件级先比较哈希，片段级可使用规范化文本哈希、MinHash或嵌入相似度；保留canonical_chunk_id和duplicate_of关系，而不是直接丢弃所有副本。,2,"[""EXT-SRC-SRC-CONTEXTUAL-RETRIEVAL""]",trusted_ai_generated,pending_team_review
febc7a12-ec19-5b29-be2d-2d2ceb8bde6c,f177b8e8-ee10-53fd-8c2a-3300479fe67f,RAG-SUB-deduplication,RAG-M02,内容去重：常见错误与诊断,仅按相似度删除可能误删不同版本的关键差异；不保留来源映射会破坏溯源；重复阈值过低会把同主题的互补内容合并。,2,"[""EXT-SRC-SRC-CONTEXTUAL-RETRIEVAL""]",trusted_ai_generated,pending_team_review
540412ba-7a98-5d4e-8388-0c9e952a107b,8fbf7c0c-5264-5c6e-9b5b-b7eec318fe35,RAG-SUB-deduplication,RAG-M02,内容去重：适用边界与决策,多来源一致内容可保留一个主片段并关联多个source_id；法律或制度版本应按版本治理，不能只当作重复文本。,2,"[""EXT-SRC-SRC-CONTEXTUAL-RETRIEVAL""]",trusted_ai_generated,pending_team_review
9bf3bd32-df99-5b06-97c5-38b2078dce86,d1eb2f09-3b3f-5058-a4ea-fc9dbb3776be,RAG-SUB-document_quality_checks,RAG-M02,文档质量门禁：概念与原理,知识库构建前应设置质量门禁，包括解析成功率、空白页比例、乱码率、重复率、来源完整率、页码覆盖率和敏感信息风险。门禁失败的文档不能直接进入正式版本。,2,"[""EXT-SRC-SRC-NIST-GAI""]",trusted_ai_generated,pending_team_review
4ece4819-1363-5ddd-99d2-869a589644d0,e006724e-f8ab-5826-bb35-f72389012fc3,RAG-SUB-document_quality_checks,RAG-M02,文档质量门禁：工程实施,生成machine-readable质量报告，列出阻断问题和警告；抽样对比原文与解析结果；对扫描件、表格密集文档和低置信OCR提高抽样比例。,2,"[""EXT-SRC-SRC-EVAL-SURVEY""]",trusted_ai_generated,pending_team_review
7d637ee6-f203-55a7-86ce-5f5b68227968,626b7b6b-a1c6-50dd-baad-b2f5e73c11b5,RAG-SUB-document_quality_checks,RAG-M02,文档质量门禁：常见错误与诊断,仅判断“文件能打开”不能说明内容可用；把质量分平均后可能掩盖一个严重缺页；没有阻断级别会让低质量数据进入索引。,2,"[""EXT-SRC-SRC-EVAL-SURVEY""]",trusted_ai_generated,pending_team_review
f742013c-5cd3-59cf-b291-c9dd78846207,aa39e2a8-7b26-53be-8fe5-2fc09a849526,RAG-SUB-document_quality_checks,RAG-M02,文档质量门禁：适用边界与决策,不同文档类型应使用不同阈值；比赛知识包可重点验证结构和引用完整性，企业原始资料还需增加许可与敏感信息检查。,2,"[""EXT-SRC-SRC-EVAL-SURVEY""]",trusted_ai_generated,pending_team_review
9b94663d-16e3-593f-a86b-99c6c2b876b8,4067d39d-233e-5b56-b902-20d151a769f1,RAG-SUB-chunking_objectives,RAG-M02,文档切分目标：概念与原理,切分要在“片段足够小以便精确检索”和“片段足够大以保留完整语义”之间平衡。合理片段应能独立表达一个可回答的问题，同时保留标题、来源和相邻上下文。,1,"[""EXT-SRC-SRC-RAG-SURVEY""]",trusted_ai_generated,pending_team_review
d7ba6205-7039-57aa-9fab-27559489519e,7644f7ba-f058-5eb4-ac51-64d5b3e3bc72,RAG-SUB-chunking_objectives,RAG-M02,文档切分目标：工程实施,先按文档结构形成基础块，再根据模型上下文、查询类型和评测结果调整大小与重叠。记录chunk_strategy、token_count和parent_chunk_id，使用固定查询集比较不同方案。,1,"[""EXT-SRC-SRC-CONTEXTUAL-RETRIEVAL""]",trusted_ai_generated,pending_team_review
966a7213-cf02-56a7-87a7-d94ce1b537bd,c16e5cb0-4034-5d5b-b359-75746740355f,RAG-SUB-chunking_objectives,RAG-M02,文档切分目标：常见错误与诊断,盲目使用固定字符数会截断定义、步骤或表格；重叠过大造成重复检索和成本上升；片段过长使相关信息被无关内容稀释。,1,"[""EXT-SRC-SRC-CONTEXTUAL-RETRIEVAL""]",trusted_ai_generated,pending_team_review
135374cf-1284-5d21-bf74-8cb79cfca654,85591441-27ac-5994-9fb1-43d2ab8eef77,RAG-SUB-chunking_objectives,RAG-M02,文档切分目标：适用边界与决策,不存在通用最佳长度。合同条款、代码、FAQ和长教程需要不同策略，最终选择必须由检索与生成评测共同决定。,1,"[""EXT-SRC-SRC-CONTEXTUAL-RETRIEVAL""]",trusted_ai_generated,pending_team_review
7ed40a00-f662-5cfa-b211-020585564915,ee46d48c-e991-5c18-97e4-f0f96409f900,RAG-SUB-fixed_window_chunking,RAG-M02,固定窗口切分：概念与原理,固定窗口切分实现简单、速度快，适合作为基线。它按固定字符或Token数量切分，并用少量重叠减轻边界信息丢失。,1,"[""EXT-SRC-SRC-RAG-SURVEY""]",trusted_ai_generated,pending_team_review
acfd9b62-0b20-52e2-a17f-060298da29ff,c66e4478-8269-55a1-88bb-f273ea4f3527,RAG-SUB-fixed_window_chunking,RAG-M02,固定窗口切分：工程实施,工程上应以Token而非字符估计模型上下文成本；保存chunk_start、chunk_end和overlap_size；先用多个窗口大小做离线对比。,1,"[""EXT-SRC-SRC-RAG-SURVEY""]",trusted_ai_generated,pending_team_review
1fe19fa7-955b-5da0-8d89-8d8d74563977,2c58c043-5fbc-5ea0-8f4a-42b4f6b274c3,RAG-SUB-fixed_window_chunking,RAG-M02,固定窗口切分：常见错误与诊断,固定窗口不理解标题、句子和代码边界，可能把步骤或定义切断。中文字符与Token比例也随模型变化，不能用固定经验值代替测量。,1,"[""EXT-SRC-SRC-RAG-SURVEY""]",trusted_ai_generated,pending_team_review
2747b101-6870-58dc-97d9-fda43d91c087,c9c16520-de99-5e5f-bcda-f7900eb6e1dd,RAG-SUB-fixed_window_chunking,RAG-M02,固定窗口切分：适用边界与决策,适合结构弱、内容较均匀的文本和快速基线；对表格、代码、制度条款或层级文档，通常应使用结构感知方案。,1,"[""EXT-SRC-SRC-RAG-SURVEY""]",trusted_ai_generated,pending_team_review
f97fbfff-bd9d-509c-ad67-a62009160036,4d6a04e6-90c0-5d11-8138-13af2a13df74,RAG-SUB-structure_aware_chunking,RAG-M02,结构感知切分：概念与原理,结构感知切分利用文档天然层级，优先在章节、段落、列表或代码块边界切分。片段携带完整标题路径，可提高语义独立性和引用可读性。,2,"[""EXT-SRC-SRC-RAG-SURVEY""]",trusted_ai_generated,pending_team_review
703a7ea1-d563-5458-b13c-4071ce01a63c,8115ec5d-4779-54b2-8ba6-802c8c51309c,RAG-SUB-structure_aware_chunking,RAG-M02,结构感知切分：工程实施,解析器先输出文档树，再按节点大小合并或拆分；标题路径加入metadata或上下文前缀；表格和代码块原则上保持完整。,2,"[""EXT-SRC-SRC-CONTEXTUAL-RETRIEVAL""]",trusted_ai_generated,pending_team_review
399c1c60-9ab3-586f-88c4-afe0a3483988,105da82a-66e2-56e1-8c42-a4e59f9f39eb,RAG-SUB-structure_aware_chunking,RAG-M02,结构感知切分：常见错误与诊断,标题解析错误会放大到所有片段；只按标题切分可能产生极短或超长块；将标题重复写入正文会增加索引噪声。,2,"[""EXT-SRC-SRC-CONTEXTUAL-RETRIEVAL""]",trusted_ai_generated,pending_team_review
e5963a40-1557-54e3-b76d-279c85d1507f,e8fc7d18-2253-537a-8aa4-cf068546aa0c,RAG-SUB-structure_aware_chunking,RAG-M02,结构感知切分：适用边界与决策,对结构清晰的手册、课程、API文档和制度文件优先采用；对无结构聊天记录可退回语义或窗口切分。,2,"[""EXT-SRC-SRC-CONTEXTUAL-RETRIEVAL""]",trusted_ai_generated,pending_team_review
3f4fd2ae-3268-58c1-8377-1380527cd637,0c4a1fc0-f7b7-5938-ac59-3480504d9884,RAG-SUB-semantic_chunking,RAG-M02,语义切分：概念与原理,语义切分尝试在主题转折处断开，避免固定窗口跨越多个概念。常见方法是比较相邻句子或句群嵌入变化，再结合最小和最大长度约束。,3,"[""EXT-SRC-SRC-RAG-SURVEY""]",trusted_ai_generated,pending_team_review
0105c574-2f60-5349-abce-58c3103c91b7,fa8e1b86-4686-5dc5-8ccb-5ba10670f1b4,RAG-SUB-semantic_chunking,RAG-M02,语义切分：工程实施,先分句并生成局部嵌入，使用阈值或聚类寻找边界；必须设置长度上下限和结构保护规则，并在目标查询集上验证收益。,3,"[""EXT-SRC-SRC-RAG-SURVEY""]",trusted_ai_generated,pending_team_review
ff02150c-2dc1-5eb8-a624-4bd3606363a2,f15cc804-34cf-5c32-b764-94757bc0721b,RAG-SUB-semantic_chunking,RAG-M02,语义切分：常见错误与诊断,阈值对领域和模型敏感；计算成本高；对短句、列表和代码语义不稳定；如果缺少结构约束，可能生成大小极不均匀的片段。,3,"[""EXT-SRC-SRC-RAG-SURVEY""]",trusted_ai_generated,pending_team_review
75c57bd4-1a98-54b4-b5c4-8e95f3b4477a,4d7a7938-f641-5e61-a3b8-6f3e47b089a7,RAG-SUB-semantic_chunking,RAG-M02,语义切分：适用边界与决策,适合主题连续但标题稀疏的长文本。若结构感知切分已表现良好，不应仅为“高级”而引入语义切分。,3,"[""EXT-SRC-SRC-RAG-SURVEY""]",trusted_ai_generated,pending_team_review
bf649486-c1d2-50f2-b3cf-8b250d736cb9,d1c1f809-fc4e-5e82-97fd-1cda7d936fb8,RAG-SUB-parent_child_multigranular,RAG-M07,父子与多粒度检索：概念与原理,父子切分用较小子块建立检索表示，命中后返回其较大的父块或邻近上下文。多粒度策略也可同时索引句段、章节摘要和完整章节，以适配不同查询。,3,"[""EXT-SRC-SRC-CONTEXTUAL-RETRIEVAL""]",trusted_ai_generated,pending_team_review
48edb6c0-0872-5294-8192-50799ace05fd,acee56b3-5866-5cd3-b440-c1336cf66b10,RAG-SUB-parent_child_multigranular,RAG-M07,父子与多粒度检索：工程实施,为每个子块保存parent_chunk_id和section_path；检索命中子块后按去重规则扩展父块；控制扩展后的Token预算并保留命中位置。,3,"[""EXT-SRC-SRC-RAG-SURVEY""]",trusted_ai_generated,pending_team_review
fd709418-bdcb-56b8-b4c2-a5da7646bcfb,587e4bbe-396e-583f-baa4-ebece23d05b2,RAG-SUB-parent_child_multigranular,RAG-M07,父子与多粒度检索：常见错误与诊断,无条件返回整个父块会挤占上下文；多个子块映射到同一父块时若不去重会重复；父块更新但子块未重建会产生版本错配。,3,"[""EXT-SRC-SRC-RAG-SURVEY""]",trusted_ai_generated,pending_team_review
1a087af9-c794-51ac-9883-797d80b3cfac,6cd4b375-cf46-540a-ad55-84151430be3a,RAG-SUB-parent_child_multigranular,RAG-M07,父子与多粒度检索：适用边界与决策,适合需要精确定位但答案依赖上下文的手册、长教程和法规。短FAQ库通常不需要复杂父子结构。,3,"[""EXT-SRC-SRC-RAG-SURVEY""]",trusted_ai_generated,pending_team_review
74dcaf15-a574-58b1-8acf-46e0300edf62,51d0e527-641c-54bf-abd7-932e4a7b6911,RAG-SUB-metadata_schema,RAG-M02,元数据Schema设计：概念与原理,元数据是知识检索和治理的控制面。最低字段通常包括source_id、source_locator、knowledge_node_ids、version、language、authority_level、organization_id、visibility和content_hash。,2,"[""EXT-SRC-SRC-RAG-SURVEY""]",trusted_ai_generated,pending_team_review
7a963279-be39-54d1-9f8e-df4d2a91d712,413e5128-75be-59f9-bb78-08db052bc10c,RAG-SUB-metadata_schema,RAG-M02,元数据Schema设计：工程实施,字段应有统一类型、枚举和缺省规则；在向量库、关键词索引和数据库之间保持一致；为高频过滤字段建立索引，并在契约中冻结跨模块名称。,2,"[""EXT-SRC-SRC-POSTGRES-RLS""]",trusted_ai_generated,pending_team_review
61cb9e1d-a922-54cf-8b36-593d255a58b7,85aaf6fd-417a-594b-be3d-6352e6f3571c,RAG-SUB-metadata_schema,RAG-M02,元数据Schema设计：常见错误与诊断,自由文本标签会产生同义词和拼写漂移；遗漏版本或权限字段会破坏复现与隔离；把所有元数据都塞入向量文本会降低语义质量。,2,"[""EXT-SRC-SRC-POSTGRES-RLS""]",trusted_ai_generated,pending_team_review
a12b8c29-a5ea-558c-b1c3-5bcf3c656aed,e0055a2a-fd23-513c-9714-809ad86b64ab,RAG-SUB-metadata_schema,RAG-M02,元数据Schema设计：适用边界与决策,只保存业务确实使用的字段，避免过度建模；敏感元数据不应直接展示给终端用户。,2,"[""EXT-SRC-SRC-POSTGRES-RLS""]",trusted_ai_generated,pending_team_review
0e6d7802-2ee3-535f-b1da-bccaf3b39ff3,6e015c9b-8abd-5ebf-9056-5571eb2498be,RAG-SUB-embedding_fundamentals,RAG-M03,文本嵌入基础：概念与原理,文本嵌入把查询和片段映射到同一向量空间，相关文本在该空间中距离更近。双编码器可离线计算文档向量并在线快速检索，但交互能力弱于交叉编码器。,2,"[""EXT-SRC-SRC-DPR""]",trusted_ai_generated,pending_team_review
2a704b15-edc2-551c-8983-d4c60ffd8005,62776882-bccb-5e7b-83d3-2c0e30b649f6,RAG-SUB-embedding_fundamentals,RAG-M03,文本嵌入基础：工程实施,分别编码query与passage时要使用模型推荐前缀或任务类型；固定模型名称、维度和归一化设置；索引与查询必须使用兼容编码器。,2,"[""EXT-SRC-SRC-SENTENCE-TRANSFORMERS""]",trusted_ai_generated,pending_team_review
fd455187-9015-5350-bdae-57028764f6c9,492dde01-4d39-55fc-9e7d-b18b9ab64ef9,RAG-SUB-embedding_fundamentals,RAG-M03,文本嵌入基础：常见错误与诊断,不同模型向量不能混用；只看维度不能判断质量；语义近并不总等于能回答问题，尤其是编号、代码和精确术语。,2,"[""EXT-SRC-SRC-SENTENCE-TRANSFORMERS""]",trusted_ai_generated,pending_team_review
ff603911-731e-575d-b736-4f53ff5dc9a8,5123e9ce-56c8-5ac5-a84b-928618f7adf3,RAG-SUB-embedding_fundamentals,RAG-M03,文本嵌入基础：适用边界与决策,嵌入是候选召回手段而非事实验证器。高风险答案仍需重排、证据检查和生成审核。,2,"[""EXT-SRC-SRC-SENTENCE-TRANSFORMERS""]",trusted_ai_generated,pending_team_review
830747d7-1df2-5a02-8860-156b5409ff27,34c0f02c-aa2a-5b12-a506-1a7dbf53cb3e,RAG-SUB-embedding_model_selection,RAG-M03,嵌入模型选择：概念与原理,模型选择应看目标语种、查询与文档长度、领域分布、是否支持指令、维度、推理速度和许可。通用排行榜只能提供候选，最终必须在自己的检索集上验证。,3,"[""EXT-SRC-SRC-MTEB""]",trusted_ai_generated,pending_team_review
79634481-a7d8-5bd4-9568-91a7eb448c04,1332fae7-d5a5-504d-95da-f7cd050002d3,RAG-SUB-embedding_model_selection,RAG-M03,嵌入模型选择：工程实施,建立小规模A/B：同一语料、同一切分和索引，比较Recall@K、MRR、延迟、存储和成本；对中文和中英混合查询单独统计。,3,"[""EXT-SRC-SRC-BEIR""]",trusted_ai_generated,pending_team_review
6bfc4a5e-73e0-5cfd-86c7-34069772aecb,b7580c5b-172c-553a-9db9-a61bed1867d7,RAG-SUB-embedding_model_selection,RAG-M03,嵌入模型选择：常见错误与诊断,只选排行榜第一名可能在本领域退化；更高维度增加存储但不保证更好；模型升级未重建索引会导致查询与文档向量不兼容。,3,"[""EXT-SRC-SRC-SENTENCE-TRANSFORMERS""]",trusted_ai_generated,pending_team_review
dc640290-2fd0-5266-b086-dd3bced1c3c9,30466237-62fa-5603-82ce-dccb3c50c871,RAG-SUB-embedding_model_selection,RAG-M03,嵌入模型选择：适用边界与决策,比赛原型可选一个稳定多语模型作为基线，商业部署再根据数据与隐私决定API或本地模型。,3,"[""EXT-SRC-SRC-SENTENCE-TRANSFORMERS""]",trusted_ai_generated,pending_team_review
9ab9af85-f73e-50c0-b671-0858b4fcdacc,ba70f2e7-dcbf-507d-bf6b-fc14b8893f58,RAG-SUB-similarity_metrics,RAG-M03,向量相似度与归一化：概念与原理,余弦相似度比较方向，内积受向量模长影响，欧氏距离衡量几何距离。若向量已L2归一化，内积排序与余弦排序等价；索引配置必须和模型输出一致。,2,"[""EXT-SRC-SRC-SENTENCE-TRANSFORMERS""]",trusted_ai_generated,pending_team_review
294b67e3-ffbc-501b-b0ab-f04bf3c6f558,ab0bd4d9-1956-5ed3-9225-7a1b302dde12,RAG-SUB-similarity_metrics,RAG-M03,向量相似度与归一化：工程实施,在建库时记录normalization与distance_metric；用已知正负样本检查分数分布；不要跨不同指标直接复用阈值。,2,"[""EXT-SRC-SRC-FAISS""]",trusted_ai_generated,pending_team_review
c0ab5687-af4e-51bf-9cbe-9afbcf3f9450,2ba5b086-4f1d-5527-90d7-b53b07833de3,RAG-SUB-similarity_metrics,RAG-M03,向量相似度与归一化：常见错误与诊断,归一化设置不一致会造成线上召回异常；把相似度分数当概率会误设阈值；不同查询类型的分数分布也可能不同。,2,"[""EXT-SRC-SRC-FAISS""]",trusted_ai_generated,pending_team_review
92e1672d-9adb-5338-8a7a-2247b90456fc,ce43f37c-29a9-5035-8b56-ad2f475b48d5,RAG-SUB-similarity_metrics,RAG-M03,向量相似度与归一化：适用边界与决策,排序优先使用相对名次，拒答阈值需要在标注数据上校准；没有校准时不能声称某个固定分数代表“可信”。,2,"[""EXT-SRC-SRC-FAISS""]",trusted_ai_generated,pending_team_review
8bf924e5-343e-556e-8827-1de1dabb9615,bddadf61-d678-53b4-bf37-809d70da3c45,RAG-SUB-vector_index_hnsw_ivf,RAG-M03,向量索引与近似最近邻：概念与原理,向量索引用空间或图结构减少搜索范围。HNSW常以较高内存换取低延迟和较好召回；IVF通过聚类只搜索部分桶；精确搜索适合小规模或评测基线。,3,"[""EXT-SRC-SRC-FAISS""]",trusted_ai_generated,pending_team_review
3a4552a9-c334-5035-81c6-5a19c0193b27,457099e3-4745-5b97-911b-bd198511670d,RAG-SUB-vector_index_hnsw_ivf,RAG-M03,向量索引与近似最近邻：工程实施,用固定查询集测量Recall@K、P95延迟、索引构建时间和内存；分别调节HNSW的构建/搜索参数或IVF的探测数量；保留精确搜索作为上限对照。,3,"[""EXT-SRC-SRC-HNSW""]",trusted_ai_generated,pending_team_review
b53ab28b-ff83-599d-9345-95ba3ec18efb,5a5a3785-a6ad-518c-bad3-8f1246ac057a,RAG-SUB-vector_index_hnsw_ivf,RAG-M03,向量索引与近似最近邻：常见错误与诊断,只测延迟不测召回会得到“快但错”的索引；索引参数从样例数据复制到生产规模可能失效；删除和增量更新策略也需验证。,3,"[""EXT-SRC-SRC-PGVECTOR""]",trusted_ai_generated,pending_team_review
bb4e593f-7ebb-5a50-a0e3-99ffbd63daad,88bd51c1-6ab5-57eb-9262-0cc91199b416,RAG-SUB-vector_index_hnsw_ivf,RAG-M03,向量索引与近似最近邻：适用边界与决策,数据量较小时优先简单精确方案；规模增长后再采用ANN。索引选择还受过滤条件、更新频率和部署平台影响。,3,"[""EXT-SRC-SRC-PGVECTOR""]",trusted_ai_generated,pending_team_review
86046294-5486-50a8-8731-c2535d175a8b,4f5df64c-3c90-5305-bde9-10f52c86d299,RAG-SUB-bm25_sparse_retrieval,RAG-M03,BM25与稀疏检索：概念与原理,BM25基于词项频率、逆文档频率和文档长度归一化进行排序。它对产品编号、错误码、函数名和罕见专有词通常比纯语义检索更稳定，是重要基线。,2,"[""EXT-SRC-SRC-BM25""]",trusted_ai_generated,pending_team_review
66e3ea55-a80c-5988-8b66-559c89556192,7d2f4659-e097-5407-8ee7-13f4bbd037e0,RAG-SUB-bm25_sparse_retrieval,RAG-M03,BM25与稀疏检索：工程实施,建立合适分词、停用词和字段权重；标题、代码和正文可使用不同权重；记录BM25分数但不要把它直接与向量分数相加，除非经过归一化或融合。,2,"[""EXT-SRC-SRC-BEIR""]",trusted_ai_generated,pending_team_review
cd5f0a85-92b4-5faa-b51b-433fdeb8bc4b,1bd0a3a2-1fd4-5915-991f-ff16b7d58458,RAG-SUB-bm25_sparse_retrieval,RAG-M03,BM25与稀疏检索：常见错误与诊断,中文分词错误会破坏召回；过度停用会删除有意义短词；仅靠BM25难以处理同义表达和语义改写。,2,"[""EXT-SRC-SRC-BEIR""]",trusted_ai_generated,pending_team_review
fbdc41bb-dcb8-5520-a83d-4e579a0e7342,e97871ac-4269-5490-8d11-ce83f9e33649,RAG-SUB-bm25_sparse_retrieval,RAG-M03,BM25与稀疏检索：适用边界与决策,即使最终采用混合检索，也应保留BM25基线，用于判断复杂模型是否真正带来收益。,2,"[""EXT-SRC-SRC-BEIR""]",trusted_ai_generated,pending_team_review
330a25f1-8f45-5965-8102-0b57f59d6fa4,11208469-b4a2-50c5-8490-f115ad815da1,RAG-SUB-dense_retrieval,RAG-M03,稠密语义检索：概念与原理,稠密检索通过查询与文档向量的相似度召回候选，可处理同义词、自然语言改写和概念级匹配。它依赖训练分布和表示模型，跨领域表现必须实测。,2,"[""EXT-SRC-SRC-DPR""]",trusted_ai_generated,pending_team_review
e0cd967e-af39-5d8f-a37c-07758494522f,cbc34a4e-b21a-551f-978b-fe222556a88d,RAG-SUB-dense_retrieval,RAG-M03,稠密语义检索：工程实施,离线批量生成文档向量，在线编码查询并执行top_k搜索；保存模型版本和索引版本；对正例、难负例和无答案查询分别评测。,2,"[""EXT-SRC-SRC-SENTENCE-TRANSFORMERS""]",trusted_ai_generated,pending_team_review
c94de6a9-f4d1-5c93-8f97-a5afb59da625,f876e22b-6a34-5c7a-b548-4aec090e952c,RAG-SUB-dense_retrieval,RAG-M03,稠密语义检索：常见错误与诊断,语义相似不等于事实可回答；短编号和拼写变体可能被忽略；域外查询可能召回主题相关但答案错误的片段。,2,"[""EXT-SRC-SRC-BEIR""]",trusted_ai_generated,pending_team_review
d1584dca-bbd9-59e8-9391-b808df0bec75,c42c1b54-c474-53e6-b732-9d09c613c032,RAG-SUB-dense_retrieval,RAG-M03,稠密语义检索：适用边界与决策,稠密检索适合自然语言查询，但不应默认替代稀疏检索；实际系统通常需要混合和重排。,2,"[""EXT-SRC-SRC-BEIR""]",trusted_ai_generated,pending_team_review
535894ab-1301-5d7e-9a2b-9fad59371907,2f42aa46-8a49-5b27-a6a3-8c94ccd224d4,RAG-SUB-hybrid_retrieval,RAG-M03,混合检索：概念与原理,混合检索让关键词通道覆盖精确匹配，让向量通道覆盖语义匹配。融合可以基于归一化分数、加权排序或RRF等名次融合方法。,3,"[""EXT-SRC-SRC-ELASTIC-HYBRID""]",trusted_ai_generated,pending_team_review
88db0bad-17fd-5e35-9c0e-bcae39332fe3,3662d914-79e9-5eb5-8a6f-5a0dba032943,RAG-SUB-hybrid_retrieval,RAG-M03,混合检索：工程实施,分别运行BM25与向量检索，保留各自top_k和通道信息；先用RRF建立稳定基线，再通过标注查询调整权重；融合后仍需去重和重排。,3,"[""EXT-SRC-SRC-ELASTIC-RRF""]",trusted_ai_generated,pending_team_review
61ac194a-5e06-5f95-8763-4a8002777d86,d7c8127e-48af-5ad2-a366-eb292b7538de,RAG-SUB-hybrid_retrieval,RAG-M03,混合检索：常见错误与诊断,直接相加不同尺度分数会产生偏置；固定权重可能只适合某类查询；两个通道都返回同一错误来源时，融合不会自动纠正。,3,"[""EXT-SRC-SRC-BEIR""]",trusted_ai_generated,pending_team_review
ac52e882-b6f4-5bc6-9b9b-0aac2fd119d1,95ae7cfe-35f8-5643-b725-fe82975525cd,RAG-SUB-hybrid_retrieval,RAG-M03,混合检索：适用边界与决策,混合检索适合企业文档、代码和术语混合场景。语料很小或查询单一时，复杂融合可能没有明显收益。,3,"[""EXT-SRC-SRC-BEIR""]",trusted_ai_generated,pending_team_review
bd874fcf-66fe-5d4e-8fbe-4b7ccc8a94ba,41e50c8a-74f6-5e0d-86e1-c125e49e0c56,RAG-SUB-metadata_filtering,RAG-M04,元数据过滤：概念与原理,元数据过滤用于保证候选满足硬约束，例如组织权限、文档状态、知识库版本、语言、日期和产品型号。硬约束应优先于相似度，不能让高分越权内容进入上下文。,2,"[""EXT-SRC-SRC-PGVECTOR""]",trusted_ai_generated,pending_team_review
4acfddb6-b726-56b6-b556-124e6963088b,e91645d8-90b2-59c8-a7d2-a976e7f2332a,RAG-SUB-metadata_filtering,RAG-M04,元数据过滤：工程实施,服务端生成过滤表达式并做白名单校验；向量与关键词通道使用一致过滤；统计过滤前后候选数量，避免过严条件导致空结果。,2,"[""EXT-SRC-SRC-POSTGRES-RLS""]",trusted_ai_generated,pending_team_review
32aceeef-bdc3-5d50-b17e-b696e5d41652,70a68260-3d53-5a86-81a6-b127c6f0bc97,RAG-SUB-metadata_filtering,RAG-M04,元数据过滤：常见错误与诊断,把用户自由文本直接拼接到过滤语句会引入注入风险；索引不支持高效过滤时会造成性能下降；标签缺失会让正确内容被排除。,2,"[""EXT-SRC-SRC-POSTGRES-RLS""]",trusted_ai_generated,pending_team_review
5745d4e7-0881-5561-8dd3-5ec7d0280cd5,72357e32-bce1-5443-aba1-d729a2905116,RAG-SUB-metadata_filtering,RAG-M04,元数据过滤：适用边界与决策,软偏好可作为重排特征，权限和版本必须作为硬过滤。空结果时应回退或提示，而不是取消权限条件。,2,"[""EXT-SRC-SRC-POSTGRES-RLS""]",trusted_ai_generated,pending_team_review
1078036b-4fbb-5f5f-8911-8f1003fa19c7,ff424ac9-b28a-5866-bee5-a9076996b9e6,RAG-SUB-multi_query_expansion,RAG-M04,多查询与查询扩展：概念与原理,复杂或含糊问题可以生成多个检索表达式，例如术语改写、关键词补充或子问题分解，再合并候选。目标是提高召回而不是让模型直接回答。,3,"[""EXT-SRC-SRC-RAG-SURVEY""]",trusted_ai_generated,pending_team_review
a7dec847-32a4-579e-b84e-6d7d9192b157,efff2d2d-6d6e-53d1-b90a-09bb2c094fac,RAG-SUB-multi_query_expansion,RAG-M04,多查询与查询扩展：工程实施,限制查询数量并记录原查询与派生查询；对每个查询独立检索，使用RRF或去重融合；对派生查询进行安全和范围校验。,3,"[""EXT-SRC-SRC-HYDE""]",trusted_ai_generated,pending_team_review
e7c014b5-6724-58de-8fa9-67d59a2f3ea6,0a9529ca-d086-5348-b75c-60990ec69fb6,RAG-SUB-multi_query_expansion,RAG-M04,多查询与查询扩展：常见错误与诊断,过多查询会放大延迟与噪声；模型可能错误扩展概念；如果把生成的假设答案当作事实，会引入幻觉。,3,"[""EXT-SRC-SRC-HYDE""]",trusted_ai_generated,pending_team_review
7c53cdc1-575f-573f-8b42-00d32004e736,0c821695-4b31-58cf-b547-dee77b9ea79d,RAG-SUB-multi_query_expansion,RAG-M04,多查询与查询扩展：适用边界与决策,只在长问题、歧义问题或基线召回不足时启用。精确编号查询通常不需要扩展。,3,"[""EXT-SRC-SRC-HYDE""]",trusted_ai_generated,pending_team_review
08825b04-04d5-5685-8408-5baead868043,01c2c0a0-25c5-5257-ab4d-0e7f9c2755fc,RAG-SUB-query_rewriting,RAG-M04,查询改写：概念与原理,查询改写应保留用户原意，并补全会话中的省略对象、领域限定和关键术语。改写结果服务于检索，不应擅自加入未经确认的事实。,2,"[""EXT-SRC-SRC-RAG-SURVEY""]",trusted_ai_generated,pending_team_review
98dbe75c-887f-55e7-904e-2757669749a2,f1dc1dcb-21f3-5ab4-af52-68fc65dc9ac8,RAG-SUB-query_rewriting,RAG-M04,查询改写：工程实施,输入原问题、必要会话摘要和允许的领域词典，输出standalone_query、keywords和filters；保存原查询用于审计，并在评测中比较改写前后召回。,2,"[""EXT-SRC-SRC-RAG-SURVEY""]",trusted_ai_generated,pending_team_review
978865a6-d5b8-58cd-b218-e839e2b2ed0e,0c2556ea-a6a8-5dfd-bf97-0fb37b08859a,RAG-SUB-query_rewriting,RAG-M04,查询改写：常见错误与诊断,过度改写会改变问题；将模型猜测的产品或版本写入查询会误导检索；携带过多历史对话会引入无关信息。,2,"[""EXT-SRC-SRC-RAG-SURVEY""]",trusted_ai_generated,pending_team_review
ac009cab-a866-54aa-bd72-65a9bc587c1e,94899ccb-67b2-577b-898c-1bdc3c2e45e9,RAG-SUB-query_rewriting,RAG-M04,查询改写：适用边界与决策,精确错误码、文件名和短关键词通常直接检索更好；改写模型置信度低时应保留原查询并并行检索。,2,"[""EXT-SRC-SRC-RAG-SURVEY""]",trusted_ai_generated,pending_team_review
dcec96fb-1aef-544c-bedd-3cdbd417a24c,ef80789d-3da8-5ca4-9a76-6144c09a5b22,RAG-SUB-hyde_retrieval,RAG-M07,HyDE假设文档检索：概念与原理,HyDE先让模型生成一个可能回答问题的假设文档，再对该文本生成嵌入并检索真实文档。它使用假设文本作为语义桥梁，而不是把假设内容当作最终事实。,4,"[""EXT-SRC-SRC-HYDE""]",trusted_ai_generated,pending_team_review
69436fe3-06f7-5d33-b7ea-837e0c3b3d03,0a89033f-a9ca-5295-9568-963b80348de3,RAG-SUB-hyde_retrieval,RAG-M07,HyDE假设文档检索：工程实施,保存hypothetical_document并仅用于向量检索；与原查询检索并行，合并后由真实证据和重排决定候选；必须禁止直接引用假设文本。,4,"[""EXT-SRC-SRC-HYDE""]",trusted_ai_generated,pending_team_review
26bc5064-3b73-558f-8781-2c7afcad2ab9,79acd5d0-18fc-5bd8-8453-5529afc30f6a,RAG-SUB-hyde_retrieval,RAG-M07,HyDE假设文档检索：常见错误与诊断,假设文档可能带偏检索，尤其在领域术语不熟或问题含错误前提时；生成成本和延迟也更高。,4,"[""EXT-SRC-SRC-HYDE""]",trusted_ai_generated,pending_team_review
14059d6d-9c95-5462-9dc9-222e37668e3f,621a93d8-d0e1-57fe-8042-f40f43f68f6a,RAG-SUB-hyde_retrieval,RAG-M07,HyDE假设文档检索：适用边界与决策,适合零样本语义检索困难且有强生成模型的场景。已有高质量领域嵌入或精确查询时不一定需要。,4,"[""EXT-SRC-SRC-HYDE""]",trusted_ai_generated,pending_team_review
90d3bdc4-435d-53cd-8d43-d4c7426c9088,1dfc8e3d-18a8-53ac-9022-7d1e417d0781,RAG-SUB-cross_encoder_reranking,RAG-M04,交叉编码器重排序：概念与原理,交叉编码器同时读取查询与文档，可建模细粒度交互，通常比双编码器排序更准确，但无法高效遍历全部语料，因此用于对召回候选重排。,3,"[""EXT-SRC-SRC-BERT-RERANK""]",trusted_ai_generated,pending_team_review
381c6d87-cc07-51ed-859d-36dfb8270250,ee5fecde-7346-5991-9fd9-9046795965a7,RAG-SUB-cross_encoder_reranking,RAG-M04,交叉编码器重排序：工程实施,先召回20至100个候选，再批量重排到最终top_n；在目标语种和领域上评测；记录reranker_model_version与重排分数。,3,"[""EXT-SRC-SRC-BEIR""]",trusted_ai_generated,pending_team_review
a8031ef6-1227-5168-861c-4a81030bb110,8e7ff60a-1868-5e5d-9f71-d501eb80d55f,RAG-SUB-cross_encoder_reranking,RAG-M04,交叉编码器重排序：常见错误与诊断,候选阶段没有召回正确证据，重排无法补救；候选太多会增加延迟；分数阈值需要校准，不能当成事实可信度。,3,"[""EXT-SRC-SRC-BEIR""]",trusted_ai_generated,pending_team_review
4c442847-8e87-5251-913f-76d6aeb30f6c,219f7f40-9a10-5dc2-b7b2-b974f1a5a807,RAG-SUB-cross_encoder_reranking,RAG-M04,交叉编码器重排序：适用边界与决策,高价值问答和证据要求严格的场景优先使用；极低延迟或大批量查询可只在困难查询上启用。,3,"[""EXT-SRC-SRC-BEIR""]",trusted_ai_generated,pending_team_review
79619861-f91a-5081-a71d-d5fe57c97c20,9cf7d110-ca05-52b6-8f9c-14d194b5c408,RAG-SUB-colbert_late_interaction,RAG-M04,ColBERT晚交互检索：概念与原理,ColBERT分别编码查询和文档Token，再在检索时进行晚交互，以保留比单向量更细的匹配信息。它介于双编码器高效召回与交叉编码器高精度之间。,4,"[""EXT-SRC-SRC-COLBERT""]",trusted_ai_generated,pending_team_review
94969180-9312-5727-9f43-a4e8ac5dc32f,f06565e1-0635-5e2f-948a-ca7b094ca46e,RAG-SUB-colbert_late_interaction,RAG-M04,ColBERT晚交互检索：工程实施,评估索引体积、查询延迟和召回收益；对长文档需要合理切分；与BM25和单向量基线在同一数据集比较。,4,"[""EXT-SRC-SRC-COLBERT""]",trusted_ai_generated,pending_team_review
885dad62-099a-548d-91f8-4dafb8747a9a,f84ebaa8-5957-5ebe-a6d1-e2297ddd9c84,RAG-SUB-colbert_late_interaction,RAG-M04,ColBERT晚交互检索：常见错误与诊断,Token级索引存储较大，部署复杂度高；如果训练语料与业务领域差异大，细粒度能力也不保证有效。,4,"[""EXT-SRC-SRC-COLBERT""]",trusted_ai_generated,pending_team_review
a4d53266-f061-573c-91db-f3bf42e66ec1,29cfadaf-374a-5495-9bbb-3d7d259da2e5,RAG-SUB-colbert_late_interaction,RAG-M04,ColBERT晚交互检索：适用边界与决策,适合需要高召回且可接受更高索引成本的检索系统；小规模比赛原型不是必选项。,4,"[""EXT-SRC-SRC-COLBERT""]",trusted_ai_generated,pending_team_review
590289d7-fd22-5611-8d1a-85ec8a50dda1,62affb3a-f1a1-5a9e-8618-0689ae25c096,RAG-SUB-diversity_mmr,RAG-M04,MMR多样性选择：概念与原理,MMR在选择新片段时同时考虑它与查询的相关性以及与已选片段的相似度，从而避免多个近重复片段占满上下文。,3,"[""EXT-SRC-SRC-MMR""]",trusted_ai_generated,pending_team_review
d22a7e25-1154-5aac-a232-898249282253,f741a4ac-f576-5d2f-9b12-16795041563e,RAG-SUB-diversity_mmr,RAG-M04,MMR多样性选择：工程实施,在重排后的候选上应用MMR，调节相关性与多样性权重；先进行权限过滤与来源去重；记录被多样性规则排除的候选。,3,"[""EXT-SRC-SRC-MMR""]",trusted_ai_generated,pending_team_review
d300c51f-a28b-5cc0-9a58-ddfaf62b7b8e,d41de4ee-abc5-54e4-9e6a-fbe79a2c5e39,RAG-SUB-diversity_mmr,RAG-M04,MMR多样性选择：常见错误与诊断,多样性权重过高会牺牲最相关证据；对需要多个相邻条款的问题，过度去重可能丢失完整上下文。,3,"[""EXT-SRC-SRC-MMR""]",trusted_ai_generated,pending_team_review
c1056fb5-2213-5215-a248-bed36ed71b8b,97d9fa53-a53a-5aec-9c46-bb9d340778d0,RAG-SUB-diversity_mmr,RAG-M04,MMR多样性选择：适用边界与决策,适合多来源知识和概览型问题。对单一明确事实，应以相关性和权威性为主。,3,"[""EXT-SRC-SRC-MMR""]",trusted_ai_generated,pending_team_review
19c99ee3-0047-562b-a584-87f6d164fb33,828582a0-a278-50b6-a839-7995909f0e9d,RAG-SUB-rank_fusion_rrf,RAG-M03,RRF名次融合：概念与原理,RRF根据文档在各排序列表中的名次累积分数，不要求BM25分数和向量分数处于同一尺度。它是混合检索中稳定、易解释的融合基线。,3,"[""EXT-SRC-SRC-ELASTIC-RRF""]",trusted_ai_generated,pending_team_review
cd1049c4-dfba-508c-ac3a-308b71fc332f,cdcbf128-38e9-561f-87dc-53729d83e34c,RAG-SUB-rank_fusion_rrf,RAG-M03,RRF名次融合：工程实施,为每个通道保留足够候选，使用固定rank_constant计算融合，按chunk_id去重；在不同查询类型上比较融合前后Recall与MRR。,3,"[""EXT-SRC-SRC-ELASTIC-RRF""]",trusted_ai_generated,pending_team_review
ca147206-c4d7-5611-8028-3182818c7f6f,4a159657-f71e-59ec-b621-be7f110fc35f,RAG-SUB-rank_fusion_rrf,RAG-M03,RRF名次融合：常见错误与诊断,RRF不利用原始置信度，弱通道也可能贡献排名；候选深度过小会错过互补结果；同一来源重复片段会虚增优势。,3,"[""EXT-SRC-SRC-ELASTIC-RRF""]",trusted_ai_generated,pending_team_review
7387f632-06d7-5612-8c34-27c5c329590b,d1457d2f-0ac4-5e66-b20d-d552f39cb804,RAG-SUB-rank_fusion_rrf,RAG-M03,RRF名次融合：适用边界与决策,适合先建立可靠混合基线。若有大量标注数据，可进一步学习融合权重，但必须保留可解释对照。,3,"[""EXT-SRC-SRC-ELASTIC-RRF""]",trusted_ai_generated,pending_team_review
e34cb462-c355-5733-92f0-7c5fafbb6e5b,81e2d927-b67b-5f17-bf12-61acad55a854,RAG-SUB-context_selection_budget,RAG-M04,上下文选择与Token预算：概念与原理,上下文构造不是把top_k全部拼接。应按相关性、权威性、覆盖、重复度和Token成本选择证据，并确保每个重要子问题至少有支持片段。,3,"[""EXT-SRC-SRC-LOST-MIDDLE""]",trusted_ai_generated,pending_team_review
30802588-76d6-5d83-ba69-dae62d19720a,4c953d28-62f4-5d25-b824-80755df795f0,RAG-SUB-context_selection_budget,RAG-M04,上下文选择与Token预算：工程实施,先过滤低权威和重复候选，再按预算选取；为每段添加稳定引用编号和简短标题；保留问题、任务规则和证据之间清晰分隔。,3,"[""EXT-SRC-SRC-RAG-SURVEY""]",trusted_ai_generated,pending_team_review
9a7a4062-e5a3-5f5a-baf2-a975584dac8b,77cabe3b-40e3-5948-a7ba-70a6b45e3740,RAG-SUB-context_selection_budget,RAG-M04,上下文选择与Token预算：常见错误与诊断,片段越多不一定越好，噪声会干扰模型；只按相似度选取可能缺少关键约束；截断时如果从末尾直接裁剪会破坏完整证据。,3,"[""EXT-SRC-SRC-RAG-SURVEY""]",trusted_ai_generated,pending_team_review
c6357f5c-cdea-5dcc-878f-6978daf2a26b,2bdb2933-7ec4-5293-b6bf-bad80a506b57,RAG-SUB-context_selection_budget,RAG-M04,上下文选择与Token预算：适用边界与决策,高风险任务应减少证据数量并提高质量；综合报告可以使用分步摘要或多轮检索，而不是一次塞入全部资料。,3,"[""EXT-SRC-SRC-RAG-SURVEY""]",trusted_ai_generated,pending_team_review
1d488491-8f73-54b7-a8cf-df64c1b4fcec,95555140-a1fc-5a3a-9675-391b62a56997,RAG-SUB-lost_in_the_middle,RAG-M04,长上下文位置效应：概念与原理,研究表明，相关信息位于长上下文中间时，模型利用效果可能下降。RAG系统因此不能只追求更长上下文，还应优化片段顺序和信息密度。,3,"[""EXT-SRC-SRC-LOST-MIDDLE""]",trusted_ai_generated,pending_team_review
caed0313-83c8-55f3-b7be-81b278d428c0,d547baf9-0fa2-5459-bdb5-e2c96b33e751,RAG-SUB-lost_in_the_middle,RAG-M04,长上下文位置效应：工程实施,把最关键且高权威证据放在易被利用的位置，按子问题分组；减少重复和无关内容；用位置扰动测试检查答案是否依赖片段排列。,3,"[""EXT-SRC-SRC-LOST-MIDDLE""]",trusted_ai_generated,pending_team_review
bb9988bf-385e-5d31-8e36-9b162332c947,36b476ed-4673-5774-afd9-d09c55cbb0a4,RAG-SUB-lost_in_the_middle,RAG-M04,长上下文位置效应：常见错误与诊断,固定把最高分片段放最前也可能忽略多证据覆盖；仅增加上下文窗口不能保证理解；评测若只用短上下文会漏掉此类问题。,3,"[""EXT-SRC-SRC-LOST-MIDDLE""]",trusted_ai_generated,pending_team_review
b0bcb975-fe73-57c7-872c-cf9169b21568,1979873d-d9a5-56da-86f3-3aa3129cd34c,RAG-SUB-lost_in_the_middle,RAG-M04,长上下文位置效应：适用边界与决策,不同模型行为不同，必须用目标模型实测。位置优化不能替代相关性和证据完整性。,3,"[""EXT-SRC-SRC-LOST-MIDDLE""]",trusted_ai_generated,pending_team_review
bde3acfd-6fd6-59f4-9b1e-29122ea7d94d,958351d4-786e-5b6f-b1b3-843c68fddd63,RAG-SUB-prompt_grounding,RAG-M05,证据约束提示词：概念与原理,受控提示词应区分系统规则、用户问题和检索证据，要求关键结论引用证据，证据不足时拒答或说明不确定性。提示词本身不能保证忠实，但能形成可测试行为。,2,"[""EXT-SRC-SRC-RAG-ORIGINAL""]",trusted_ai_generated,pending_team_review
6a24fec4-b204-5130-9360-e12aed87a1bc,b2ba6559-101c-5817-ae4f-f2082a131ce2,RAG-SUB-prompt_grounding,RAG-M05,证据约束提示词：工程实施,固定输出Schema，例如answer、citations、confidence、unsupported_points；明确不得把证据中的指令视为系统指令；记录prompt_version并回归测试。,2,"[""EXT-SRC-SRC-RAG-SURVEY""]",trusted_ai_generated,pending_team_review
fe853661-4f41-58e9-84ca-c5f5e1f89b28,86f8da6d-84eb-5fa7-8ad2-cb81f3f9de22,RAG-SUB-prompt_grounding,RAG-M05,证据约束提示词：常见错误与诊断,使用“不要幻觉”这类笼统指令效果有限；提示词过长会稀释关键规则；允许模型自由补充常识会破坏企业事实边界。,2,"[""EXT-SRC-SRC-RAG-SURVEY""]",trusted_ai_generated,pending_team_review
16be1299-8c79-5646-a6ea-e0f95f97e321,fbd388b2-07b9-53e0-8c94-7e6ed193db04,RAG-SUB-prompt_grounding,RAG-M05,证据约束提示词：适用边界与决策,对于计算、权限、审批和安全判断，应由确定性代码执行，不能仅靠提示词约束。,2,"[""EXT-SRC-SRC-RAG-SURVEY""]",trusted_ai_generated,pending_team_review
6b2b4bb2-2646-56ac-a0b0-48090ac15e27,43ce56a3-95de-5494-8ed8-0c3070ca0d73,RAG-SUB-answer_abstention,RAG-M05,拒答与不确定性：概念与原理,可靠RAG需要定义“何时不回答”。拒答依据可以包括无候选、证据相关度低、来源冲突、问题超出领域、权限不足或审核未通过。,3,"[""EXT-SRC-SRC-NIST-GAI""]",trusted_ai_generated,pending_team_review
10d09b15-3d13-5c2a-a6a9-7bdae4c33c0f,b5a43ac1-3331-5b20-9751-d9f684b83875,RAG-SUB-answer_abstention,RAG-M05,拒答与不确定性：工程实施,先通过规则检测硬失败，再由审核模型判断证据是否足够支持结论；返回标准原因码、可补充信息和下一步，而不是简单说“不知道”。,3,"[""EXT-SRC-SRC-RAGAS""]",trusted_ai_generated,pending_team_review
a9874cee-298c-55a5-8d75-df279c187d92,02c36bda-b814-5ad0-8bde-e3b01abc54bb,RAG-SUB-answer_abstention,RAG-M05,拒答与不确定性：常见错误与诊断,阈值过高会造成大量拒答，过低则增加幻觉；只根据向量分数拒答不稳；把权限不足描述为“没有信息”会误导用户。,3,"[""EXT-SRC-SRC-RAGAS""]",trusted_ai_generated,pending_team_review
8d17cd23-3880-5533-a5eb-b58a8116e22b,f67c43ff-c20a-5609-9392-a94b96b46bde,RAG-SUB-answer_abstention,RAG-M05,拒答与不确定性：适用边界与决策,拒答策略应按风险分级。低风险教学解释可给出有限推断，高风险企业制度必须有明确证据。,3,"[""EXT-SRC-SRC-RAGAS""]",trusted_ai_generated,pending_team_review
f16ad02a-5f38-5faa-871a-d6a439140262,c9265043-5804-53d2-a0ab-ef2cfa72e582,RAG-SUB-citation_generation_verification,RAG-M05,引用生成与验证：概念与原理,引用应指向实际进入上下文的chunk_id，并保留source_id和source_locator。一个引用只有在内容与结论具有支持关系时才有效，相关但不蕴含不算正确引用。,3,"[""EXT-SRC-SRC-RAG-ORIGINAL""]",trusted_ai_generated,pending_team_review
9ab298bf-77d8-5cc6-8b11-2a39f5f0975f,8a8ceb98-6cfb-50e7-9554-5051d571c7ca,RAG-SUB-citation_generation_verification,RAG-M05,引用生成与验证：工程实施,生成器只能选择白名单证据编号；后处理验证引用存在；审核器逐条检查结论与证据的一致性；前端展示来源标题和定位。,3,"[""EXT-SRC-SRC-RAGAS""]",trusted_ai_generated,pending_team_review
a1ff5d5b-2c4b-58b7-8632-ba53b1c5b31f,b50d60b1-0276-57d8-9506-c5a791c1cc63,RAG-SUB-citation_generation_verification,RAG-M05,引用生成与验证：常见错误与诊断,模型可能编造不存在的编号，或把同主题片段当作支持；引用覆盖率高不等于引用正确率高；大段答案末尾统一引用难以对应具体结论。,3,"[""EXT-SRC-SRC-RAGAS""]",trusted_ai_generated,pending_team_review
fb96a9b4-d4c4-535f-863d-02a741b655af,e41ef096-e67b-5cb5-bf1e-18765942b6eb,RAG-SUB-citation_generation_verification,RAG-M05,引用生成与验证：适用边界与决策,对综合推理可使用多个证据，但应说明推理步骤；不能公开的内部来源只展示受控标识与摘要。,3,"[""EXT-SRC-SRC-RAGAS""]",trusted_ai_generated,pending_team_review
22c26502-01f4-5f32-8f92-3befcdf633c8,4004aa3a-6d55-58f6-b1f5-0ff142cb4a4c,RAG-SUB-hallucination_types,RAG-M05,幻觉类型与根因：概念与原理,RAG中的幻觉不只是不真实陈述，还包括回答超出证据、把一份文档的结论归给另一来源、忽略冲突证据、虚构引用和把推测表述成确定事实。,2,"[""EXT-SRC-SRC-RAGAS""]",trusted_ai_generated,pending_team_review
e0e6fa7d-cd0d-5078-8e91-01c08cdab2c3,d98c91d8-22c1-551c-9735-8c0cc26b112c,RAG-SUB-hallucination_types,RAG-M05,幻觉类型与根因：工程实施,错误标注至少包含unsupported_claim、contradicted_claim、wrong_citation、overgeneralization和out_of_scope。对每类建立测试集和修复策略。,2,"[""EXT-SRC-SRC-EVAL-SURVEY""]",trusted_ai_generated,pending_team_review
6e65571a-af2b-5b01-a544-fec6e84c0407,9c349666-7428-526d-93d2-978ed06f2ed9,RAG-SUB-hallucination_types,RAG-M05,幻觉类型与根因：常见错误与诊断,把所有错误都归因于大模型会忽略知识库和检索问题；只做事实核查可能漏掉权限和时效错误；用另一个模型审核也可能共享同一偏差。,2,"[""EXT-SRC-SRC-NIST-GAI""]",trusted_ai_generated,pending_team_review
055ee2b8-ece4-5fd8-8b88-fef3c446ba39,dbbd4dd3-14b7-58da-ba3c-6e16841cd5e9,RAG-SUB-hallucination_types,RAG-M05,幻觉类型与根因：适用边界与决策,无法自动判断的高风险内容要进入人工审核。系统目标是测量并降低错误，而不是承诺绝对零幻觉。,2,"[""EXT-SRC-SRC-NIST-GAI""]",trusted_ai_generated,pending_team_review
e0b851a2-ea0b-5f4b-b949-07029f6c1f24,55011292-1aa4-5803-a526-d964e4a1f2f6,RAG-SUB-evidence_entailment,RAG-M05,证据支持关系检查：概念与原理,证据检查关注结论与片段之间的蕴含关系。结果可分为supported、contradicted和insufficient，而不是只判断文本主题是否相似。,4,"[""EXT-SRC-SRC-RAGAS""]",trusted_ai_generated,pending_team_review
01dfed39-797c-54e8-bcbc-d5dc76d5a5ea,52ef18bc-42bb-51c5-94a2-d0b23199fb51,RAG-SUB-evidence_entailment,RAG-M05,证据支持关系检查：工程实施,将答案拆成原子结论，逐条关联引用；使用规则和评审模型检查数字、否定、范围和条件；对冲突来源按权威与版本裁决。,4,"[""EXT-SRC-SRC-ARES""]",trusted_ai_generated,pending_team_review
5785a702-2e25-52ed-83c7-13f4788245d1,7552ede9-34c4-58c2-abad-4765f60d9c56,RAG-SUB-evidence_entailment,RAG-M05,证据支持关系检查：常见错误与诊断,长答案不拆分会让一个正确引用掩盖其他无依据结论；模型评审对细微数值和逻辑条件可能不稳定；没有人工样本就无法校准。,4,"[""EXT-SRC-SRC-ARES""]",trusted_ai_generated,pending_team_review
00c13e19-cc44-5d3d-a54b-14a7ab84a1f1,9ac8bbd4-228c-5263-83ae-c2ad109c81b7,RAG-SUB-evidence_entailment,RAG-M05,证据支持关系检查：适用边界与决策,低风险内容可以自动通过，高风险结论需双重验证或人工确认。证据检查不等同于来源本身真实，来源治理仍是前提。,4,"[""EXT-SRC-SRC-ARES""]",trusted_ai_generated,pending_team_review
cf7b685d-2b70-55c8-b165-09e3b8bcb641,c8673259-de63-5c62-9afb-e6f09e0a347a,RAG-SUB-review_correction_loop,RAG-M05,审核与纠偏闭环：概念与原理,审核器应检查结构、证据、专业准确性、难度适配和安全性，并输出pass、revise或reject及问题列表。纠偏要针对具体问题重新检索或重生成，而不是无条件重复调用。,3,"[""EXT-SRC-SRC-SELF-RAG""]",trusted_ai_generated,pending_team_review
7e20eff5-e96f-5172-9076-9f6831ce66e8,41dd4738-030d-5383-97ff-2160eb66e5d4,RAG-SUB-review_correction_loop,RAG-M05,审核与纠偏闭环：工程实施,每轮保存review_id、issue_type、affected_field、repair_action和retry_count；设置最大循环次数；连续失败转人工审核或降级到已有资源。,3,"[""EXT-SRC-SRC-CRAG""]",trusted_ai_generated,pending_team_review
eee0911e-ec0b-5c71-8a73-67b85307127c,547fcd97-c1cb-5247-accf-02b3db9b7d18,RAG-SUB-review_correction_loop,RAG-M05,审核与纠偏闭环：常见错误与诊断,审核模型与生成模型使用同一提示可能形成共识偏差；无限重试会增加成本；只输出总分无法指导修复。,3,"[""EXT-SRC-SRC-NIST-GAI""]",trusted_ai_generated,pending_team_review
fcf52555-d0cf-57e2-8562-86b8d8f506f2,53c67631-d061-5699-87b6-1302ea856c0d,RAG-SUB-review_correction_loop,RAG-M05,审核与纠偏闭环：适用边界与决策,确定性Schema、引用存在性和权限检查应在模型审核前执行。审核Agent只处理需要语义判断的部分。,3,"[""EXT-SRC-SRC-NIST-GAI""]",trusted_ai_generated,pending_team_review
89294b32-4f2e-58c8-b133-9c86c2bfbbf6,fead8104-9c55-5a16-b8e5-5443249199bd,RAG-SUB-prompt_injection_defense,RAG-M05,提示词注入防护：概念与原理,检索到的文档属于不可信数据，其中可能包含“忽略之前指令”等恶意文本。系统必须在指令层级、工具权限和输出校验上隔离数据与控制。,4,"[""EXT-SRC-SRC-OWASP-PROMPT-INJECTION""]",trusted_ai_generated,pending_team_review
108e9e68-cc53-57a2-9964-78cfa3e61a46,bdc24c49-cafd-5d8f-9298-38c932396afc,RAG-SUB-prompt_injection_defense,RAG-M05,提示词注入防护：工程实施,明确标记证据边界；禁止证据覆盖系统规则；工具调用采用白名单、最小权限和参数校验；检测可疑指令并记录；敏感操作要求人工确认。,4,"[""EXT-SRC-SRC-NIST-GAI""]",trusted_ai_generated,pending_team_review
14a2dc19-0f64-58a0-b2ad-f6adfdbe0a6a,737b89f4-10a8-5416-bcd6-9ecb0f67e1df,RAG-SUB-prompt_injection_defense,RAG-M05,提示词注入防护：常见错误与诊断,仅在提示词中写“不要被注入”不足以防护；把网页和邮件原文直接送入高权限Agent风险很大；模型输出未经校验直接执行会导致越权。,4,"[""EXT-SRC-SRC-NIST-GAI""]",trusted_ai_generated,pending_team_review
4be02a3d-b353-5232-b8c4-a7cc89e2009e,0eab4133-aa2c-5560-bdc0-b5cfc2f04d18,RAG-SUB-prompt_injection_defense,RAG-M05,提示词注入防护：适用边界与决策,只读问答风险低于可写工具Agent，但仍需防止数据泄露和错误引用。高权限场景应采用独立安全网关。,4,"[""EXT-SRC-SRC-NIST-GAI""]",trusted_ai_generated,pending_team_review
7507c4c2-eb12-5b8f-a9fb-44536387eb7c,5c0d0769-341f-5e99-931e-bb7f3beb4dca,RAG-SUB-sensitive_data_privacy,RAG-M05,敏感数据与隐私保护：概念与原理,RAG系统同时处理企业知识和个人画像，需进行数据分类、最小收集、访问控制、加密、保留期限和脱敏。向量本身也可能泄露语义，不应视为匿名数据。,3,"[""EXT-SRC-SRC-NIST-GAI""]",trusted_ai_generated,pending_team_review
4d278adf-f182-518c-b06d-84fc81d41db6,82aff707-90af-5295-9ca6-125e7e7426e1,RAG-SUB-sensitive_data_privacy,RAG-M05,敏感数据与隐私保护：工程实施,上传前扫描个人信息和密钥；日志默认不保存完整原文；测试数据使用虚拟画像；按organization_id隔离；提供删除和审计能力。,3,"[""EXT-SRC-SRC-POSTGRES-RLS""]",trusted_ai_generated,pending_team_review
a09f721f-8cac-5f6d-b325-ecb29d44a4a6,5c6f0b67-5f5e-5ee7-9e6b-ddeab1555fb0,RAG-SUB-sensitive_data_privacy,RAG-M05,敏感数据与隐私保护：常见错误与诊断,把API密钥写入文档或日志会被检索；用真实员工数据做比赛演示可能违规；缓存和备份若不隔离也会泄露。,3,"[""EXT-SRC-SRC-POSTGRES-RLS""]",trusted_ai_generated,pending_team_review
423995a7-899c-5ae2-8c55-1b9b04d32621,a89fd76d-45af-5182-aabb-e25bda07f569,RAG-SUB-sensitive_data_privacy,RAG-M05,敏感数据与隐私保护：适用边界与决策,比赛阶段应全部使用虚拟学习者画像和可公开或授权的知识；企业试点再根据合同与法规配置保留策略。,3,"[""EXT-SRC-SRC-POSTGRES-RLS""]",trusted_ai_generated,pending_team_review
a87cf849-0eb4-582e-8796-e2e49ebe72ad,9ffaa25f-998d-5c82-b4ef-1ecfe093b81a,RAG-SUB-retrieval_metrics,RAG-M06,检索评测指标：概念与原理,Recall@K衡量相关证据是否进入前K个候选，MRR关注首个相关结果的位置，nDCG支持分级相关性和排名折损。指标选择要与业务目标和标注方式一致。,2,"[""EXT-SRC-SRC-BEIR""]",trusted_ai_generated,pending_team_review
52d817bc-b1fa-55bd-949f-3bb7e4cc9623,2e9f7564-9ef7-5f56-8ff4-ed90d295d328,RAG-SUB-retrieval_metrics,RAG-M06,检索评测指标：工程实施,为每个查询标注可接受chunk_id或knowledge_node_id；分别报告整体、核心知识点、查询类型和无答案集合；使用精确检索作为ANN上限对照。,2,"[""EXT-SRC-SRC-EVAL-SURVEY""]",trusted_ai_generated,pending_team_review
5283c14b-e967-58e2-a291-ad31ab70e02d,140e9fe4-73e1-5cff-95f6-5d9de26ee282,RAG-SUB-retrieval_metrics,RAG-M06,检索评测指标：常见错误与诊断,只报告平均值会掩盖关键知识点失败；把自动生成答案当作检索真值会形成循环偏差；相关性标注不一致会让指标失真。,2,"[""EXT-SRC-SRC-EVAL-SURVEY""]",trusted_ai_generated,pending_team_review
c3e5a634-2007-59d1-9964-9fefdef3e8cc,65dd2b1c-1a49-5079-bd92-9c62f2e9edf3,RAG-SUB-retrieval_metrics,RAG-M06,检索评测指标：适用边界与决策,比赛可重点报告Recall@5、MRR和核心知识覆盖；生产系统还需按租户、版本和查询类型监控。,2,"[""EXT-SRC-SRC-EVAL-SURVEY""]",trusted_ai_generated,pending_team_review
08e9c7a4-42aa-5403-8605-343bf692611d,3643e96e-c739-59b7-ab11-37fa92fc22cb,RAG-SUB-generation_metrics,RAG-M06,生成质量指标：概念与原理,生成评测至少区分faithfulness、answer_correctness、answer_relevance、citation_correctness和completeness。一个流畅答案可能不忠实，一个忠实答案也可能不完整。,3,"[""EXT-SRC-SRC-RAGAS""]",trusted_ai_generated,pending_team_review
49188f62-604a-5de0-8f00-27a2bc4040d5,046667c6-af7e-5565-8d7c-050ba92baa46,RAG-SUB-generation_metrics,RAG-M06,生成质量指标：工程实施,混合使用规则、参考答案、LLM评审和人工抽检；保存评分理由；对数字、步骤和禁止项增加确定性检查；评审模型要用已标注样本校准。,3,"[""EXT-SRC-SRC-ARES""]",trusted_ai_generated,pending_team_review
1fb6de34-4e57-59c4-ae58-86045ae7fc1c,af89e5cd-b4ff-5b13-9fef-9f9371ef3658,RAG-SUB-generation_metrics,RAG-M06,生成质量指标：常见错误与诊断,用同一模型生成并评分会有偏差；单一总分难以定位问题；没有证据的开放式“好不好”评分不稳定。,3,"[""EXT-SRC-SRC-EVAL-SURVEY""]",trusted_ai_generated,pending_team_review
9db60876-3f41-54b2-bd61-f88b860804c6,e0c889a3-353c-57fd-b652-7296e372bacb,RAG-SUB-generation_metrics,RAG-M06,生成质量指标：适用边界与决策,比赛要求的幻觉率应先定义分母、错误类别和人工复核流程，不能仅引用框架默认分数。,3,"[""EXT-SRC-SRC-EVAL-SURVEY""]",trusted_ai_generated,pending_team_review
b375b33f-3939-59b2-bed8-32ba22b22049,35a6c4ac-739e-5c3e-a06e-a7f1b49a6013,RAG-SUB-end_to_end_evaluation,RAG-M06,端到端RAG评测：概念与原理,端到端评测关注系统是否在真实流程中给出可用答案，并能在证据不足时正确拒答。它需要把离线检索、生成质量、画像适配和业务流程结合起来。,3,"[""EXT-SRC-SRC-EVAL-SURVEY""]",trusted_ai_generated,pending_team_review
40ee154a-4986-5ab1-bc16-7c3b47b81322,ae052256-98e6-59c2-bbf5-635fb3fdeb31,RAG-SUB-end_to_end_evaluation,RAG-M06,端到端RAG评测：工程实施,定义固定版本的知识库、模型、提示词和数据集；记录每个案例的中间证据；报告质量、P95延迟、Token成本、失败率和人工介入率。,3,"[""EXT-SRC-SRC-RAGAS""]",trusted_ai_generated,pending_team_review
7c07faae-fb83-51f5-b5d9-eea73cf2f4a4,f68ba6b5-36e1-51c5-a62d-76a0de8a704d,RAG-SUB-end_to_end_evaluation,RAG-M06,端到端RAG评测：常见错误与诊断,仅挑选成功案例演示不能证明稳定性；修改知识库后不重跑全流程会引入回归；比较方案时同时更换多个组件无法归因。,3,"[""EXT-SRC-SRC-ARES""]",trusted_ai_generated,pending_team_review
ce769307-9133-5f8c-b7c7-f78596f6d902,8717edfd-5adb-5ba9-a665-2dba8f7b7a34,RAG-SUB-end_to_end_evaluation,RAG-M06,端到端RAG评测：适用边界与决策,先建立可复现离线测试，再进行有限在线用户反馈。比赛指标与商业指标可共用底层数据，但目标阈值应明确。,3,"[""EXT-SRC-SRC-ARES""]",trusted_ai_generated,pending_team_review
665c3bbc-74f5-58b2-857a-3eb4b0965e2d,65611a89-5f05-5001-a966-eed813d96857,RAG-SUB-golden_dataset_design,RAG-M06,黄金评测集设计：概念与原理,黄金集应包含普通事实、概念比较、跨片段问题、流程任务、无答案、错误前提和越权问题。每个案例记录期望知识节点、可接受证据、答案要点和拒答要求。,3,"[""EXT-SRC-SRC-BEIR""]",trusted_ai_generated,pending_team_review
e732a89e-62a3-5b66-a821-1496c43f2d71,3fa7381a-e770-5be3-b68f-74bd4eb991fb,RAG-SUB-golden_dataset_design,RAG-M06,黄金评测集设计：工程实施,从真实需求与专家设计共同采样，划分开发集与锁定测试集；定期做双人标注一致性检查；版本化数据集并记录变更。,3,"[""EXT-SRC-SRC-EVAL-SURVEY""]",trusted_ai_generated,pending_team_review
f84245a2-579f-52c7-89fe-b3ecba792fc4,b2da3781-04bb-5cfb-a573-9f6c16005a7b,RAG-SUB-golden_dataset_design,RAG-M06,黄金评测集设计：常见错误与诊断,只用模型自动生成问题会缺少真实表达和困难负例；测试集泄露进提示词会虚高；只有正例无法评价拒答。,3,"[""EXT-SRC-SRC-EVAL-SURVEY""]",trusted_ai_generated,pending_team_review
b086b126-7ee1-545c-8d91-bf25ffd1f1bb,a0e4377f-6fe5-5ee3-9c5a-09164b83d402,RAG-SUB-golden_dataset_design,RAG-M06,黄金评测集设计：适用边界与决策,比赛文件要求至少完整测试方案和多画像用例，因此知识库应自带足量可复现案例，但最终指标必须由系统实测。,3,"[""EXT-SRC-SRC-EVAL-SURVEY""]",trusted_ai_generated,pending_team_review
189fecb2-3a6d-5f23-8ccb-6dee4454aa42,f1fe38d5-d480-5e42-96f4-e76a9bd80947,RAG-SUB-online_monitoring_feedback,RAG-M06,在线监控与反馈：概念与原理,线上监控应记录请求链路、模型与索引版本、候选证据、延迟、错误码、拒答和用户反馈，同时避免保存不必要敏感内容。,4,"[""EXT-SRC-SRC-OPENTELEMETRY""]",trusted_ai_generated,pending_team_review
e58a1675-46ae-5cbd-ad97-8f05569c74fa,7fd9f6e2-be8e-50f0-b652-8fb3bd319f6f,RAG-SUB-online_monitoring_feedback,RAG-M06,在线监控与反馈：工程实施,用trace_id串联查询改写、检索、重排、生成、审核和仲裁；建立质量告警，如空召回率、引用失败率和审核驳回率突增；抽样进入回归集。,4,"[""EXT-SRC-SRC-NIST-GAI""]",trusted_ai_generated,pending_team_review
fe985cb6-fd45-5929-ac30-28d2d90e0b59,28b8a20e-994c-5e97-b731-e1e4464c3add,RAG-SUB-online_monitoring_feedback,RAG-M06,在线监控与反馈：常见错误与诊断,只监控服务器可用性看不到语义质量；完整记录原文可能泄露数据；用户点赞不能直接等同于事实正确。,4,"[""EXT-SRC-SRC-NIST-GAI""]",trusted_ai_generated,pending_team_review
08eec6b3-af5b-51de-89b8-130ec0093ad3,91199596-8517-5ae5-96d2-67875d4884e9,RAG-SUB-online_monitoring_feedback,RAG-M06,在线监控与反馈：适用边界与决策,反馈用于发现问题和构建评测案例，不应未经审核直接修改权威知识或自动提升内容可信等级。,4,"[""EXT-SRC-SRC-NIST-GAI""]",trusted_ai_generated,pending_team_review
fd5ccf6f-dbf3-52c9-8a41-a2d5409d67f6,641ba45a-3bcf-534a-be98-bed08a961ed2,RAG-SUB-agentic_rag,RAG-M07,Agentic RAG：概念与原理,Agentic RAG将固定单次检索扩展为可规划流程：识别任务、选择数据源、分解问题、迭代检索、评估证据并决定是否继续。价值来自可控决策，不是简单增加模型调用次数。,4,"[""EXT-SRC-SRC-RAG-SURVEY""]",trusted_ai_generated,pending_team_review
4e94a7b5-a704-53a4-a777-a3a02c01cf27,a8b88d1c-10bf-5316-87d4-d83837b55fcf,RAG-SUB-agentic_rag,RAG-M07,Agentic RAG：工程实施,使用状态机限制步骤、工具和重试；每步输出结构化action、evidence和reason；设置预算、超时和人工介入；保留完整轨迹。,4,"[""EXT-SRC-SRC-SELF-RAG""]",trusted_ai_generated,pending_team_review
1dbd9f62-22b8-58c1-bb8b-794f647d5b97,ff5e5cb9-8577-5a96-9aff-6723e270b106,RAG-SUB-agentic_rag,RAG-M07,Agentic RAG：常见错误与诊断,没有停止条件会循环；智能体可能选择错误工具或把生成内容当证据；自由文本通信难以验证和回放。,4,"[""EXT-SRC-SRC-CRAG""]",trusted_ai_generated,pending_team_review
f8d06bfc-d367-583f-9477-2575742fd822,e51f3431-5ded-5e26-97cc-d67e5870ccb4,RAG-SUB-agentic_rag,RAG-M07,Agentic RAG：适用边界与决策,简单FAQ不需要Agentic RAG。仅在多源、复杂任务或证据不足需迭代时使用，并与固定流程基线比较。,4,"[""EXT-SRC-SRC-CRAG""]",trusted_ai_generated,pending_team_review
e70b9fb4-8c9b-583f-9674-b1e3aa2cbc1a,2f4d7994-5f55-55a5-a7ee-2b2ca44a1ca3,RAG-SUB-self_rag,RAG-M07,Self-RAG自反思检索生成：概念与原理,Self-RAG引入检索与反思信号，使模型在需要时检索，并对相关性、支持性和输出质量进行自评。它展示了把检索决策和批判过程纳入生成的方法。,5,"[""EXT-SRC-SRC-SELF-RAG""]",trusted_ai_generated,pending_team_review
f773b98e-53ec-5ed7-8dcd-6a3a527993b4,d1dd9220-fef8-57a0-8a9d-7835be23900d,RAG-SUB-self_rag,RAG-M07,Self-RAG自反思检索生成：工程实施,工程应用可借鉴其思想：在工作流中显式设置need_retrieval、evidence_supported和quality_check节点，而不必直接复现训练方法。,5,"[""EXT-SRC-SRC-SELF-RAG""]",trusted_ai_generated,pending_team_review
08722bca-3832-595c-9468-ca217261f4ec,912503c9-9d87-50ac-822a-daee3a2cca54,RAG-SUB-self_rag,RAG-M07,Self-RAG自反思检索生成：常见错误与诊断,自评并不天然可靠；训练和部署复杂；若没有外部评测，模型可能对自己错误答案给出高评价。,5,"[""EXT-SRC-SRC-SELF-RAG""]",trusted_ai_generated,pending_team_review
36fea0e4-e73d-59d2-b97c-4370b7f05359,368f515a-ad54-5efa-8f90-625269cc17ac,RAG-SUB-self_rag,RAG-M07,Self-RAG自反思检索生成：适用边界与决策,比赛系统可实现可解释的规则+审核Agent近似闭环，避免把高级论文名称当作未经验证的功能。,5,"[""EXT-SRC-SRC-SELF-RAG""]",trusted_ai_generated,pending_team_review
764e06d5-9adb-5e96-8726-422f38062cc6,bee26bdc-7484-593f-9eef-5165bf129689,RAG-SUB-corrective_rag,RAG-M07,Corrective RAG：概念与原理,Corrective RAG的核心是先评估已检索文档质量，再决定直接使用、补充检索、过滤噪声或拒答。它把“检索结果是否可用”变成显式决策。,4,"[""EXT-SRC-SRC-CRAG""]",trusted_ai_generated,pending_team_review
6d6b5fb9-e152-5875-bf6a-0a3e3336f56b,e6ca280e-506d-57e9-8103-aa5977ce2067,RAG-SUB-corrective_rag,RAG-M07,Corrective RAG：工程实施,定义retrieval_quality状态和阈值；低质量时尝试查询改写、备用数据源或人工审核；所有补充证据仍需通过权限与来源检查。,4,"[""EXT-SRC-SRC-CRAG""]",trusted_ai_generated,pending_team_review
916ba271-c4f4-55e4-a42e-efe760ffc68c,2e27ee7a-694e-5a2f-88c9-d63de29270bc,RAG-SUB-corrective_rag,RAG-M07,Corrective RAG：常见错误与诊断,评估器错误会触发不必要检索或放行坏证据；无限补充会增加成本；外部搜索结果可能权威性不足。,4,"[""EXT-SRC-SRC-CRAG""]",trusted_ai_generated,pending_team_review
0421d2a6-a240-53ac-8342-f78f396908ae,ff4afc00-9c82-5592-ad54-e8ff160a2a2d,RAG-SUB-corrective_rag,RAG-M07,Corrective RAG：适用边界与决策,适合关键问题和多源系统。企业私有知识不能因失败就自动搜索公网并混入正式答案。,4,"[""EXT-SRC-SRC-CRAG""]",trusted_ai_generated,pending_team_review
5dce80d5-7d78-5ced-9ad5-ed948d726756,6ea62f3c-a09f-52a8-9e36-25516d0b82d3,RAG-SUB-graph_rag,RAG-M07,Graph RAG：概念与原理,Graph RAG把实体、关系和文档证据组织为图，可支持跨文档聚合、关系追踪和全局主题总结。图结构必须回链原始来源，不能把抽取关系当作绝对事实。,5,"[""EXT-SRC-SRC-GRAPHRAG""]",trusted_ai_generated,pending_team_review
f17be19d-7bd9-5a94-86d4-72247ccfd692,0155c732-461a-5882-9f76-a69e4abb4ff0,RAG-SUB-graph_rag,RAG-M07,Graph RAG：工程实施,先定义实体与关系Schema，再做抽取、消歧和证据绑定；对局部问题使用邻域检索，对全局问题使用社区或摘要；建立图质量评测。,5,"[""EXT-SRC-SRC-RAG-SURVEY""]",trusted_ai_generated,pending_team_review
153141ff-2fc6-574a-9b99-1fdd939b6965,cccb4d5f-2262-5bf5-a273-19932845acc5,RAG-SUB-graph_rag,RAG-M07,Graph RAG：常见错误与诊断,实体重复、关系方向错误和抽取幻觉会污染图；全量图构建成本高；图查询并不一定优于混合文本检索。,5,"[""EXT-SRC-SRC-RAG-SURVEY""]",trusted_ai_generated,pending_team_review
a4e9ae56-a544-5c8e-b316-fb68313e43b6,d5894b41-3b85-5d8e-a558-787595b89d71,RAG-SUB-graph_rag,RAG-M07,Graph RAG：适用边界与决策,关系密集、跨文档推理需求明确时才采用。RAG工程实训本身可将知识点前置关系做轻量图，无需一开始构建复杂企业知识图谱。,5,"[""EXT-SRC-SRC-RAG-SURVEY""]",trusted_ai_generated,pending_team_review
102d9eb4-0687-54a7-a4e6-8a60ee06a43f,1c0a2a53-7d43-54df-928f-1e5e04f27f91,RAG-SUB-tool_routing_multi_source,RAG-M07,多源路由与工具选择：概念与原理,不同问题适合不同工具：文档解释适合文本检索，精确库存或成绩适合数据库，实时状态适合API，关系问题可能适合图查询。路由器应依据意图和权限选择工具。,4,"[""EXT-SRC-SRC-RAG-SURVEY""]",trusted_ai_generated,pending_team_review
ca0ffdcd-f12f-51b6-a7ec-fa71994903ac,42cd8792-1319-5b63-9754-97819d621db3,RAG-SUB-tool_routing_multi_source,RAG-M07,多源路由与工具选择：工程实施,为每个工具定义输入Schema、权限、超时和返回证据格式；先用规则处理明确意图，再用模型处理歧义；融合结果时统一evidence_id。,4,"[""EXT-SRC-SRC-OWASP-PROMPT-INJECTION""]",trusted_ai_generated,pending_team_review
715cfa22-1afb-570c-9088-3e1a48d4c7c5,0ea0f4c3-cb15-5ea2-a6f0-d5fa4106409d,RAG-SUB-tool_routing_multi_source,RAG-M07,多源路由与工具选择：常见错误与诊断,把所有数据源都交给模型自由选择会增加越权和不可控风险；工具返回错误若不校验会被当成事实；多源冲突需要裁决。,4,"[""EXT-SRC-SRC-OWASP-PROMPT-INJECTION""]",trusted_ai_generated,pending_team_review
3dc01659-d088-58d0-88ac-fac72ba1b3c5,ffa539cb-09f3-5d6d-a79d-04498befa3e3,RAG-SUB-tool_routing_multi_source,RAG-M07,多源路由与工具选择：适用边界与决策,比赛阶段可实现少量受控工具路由，商业化后再增加企业连接器。写操作必须与只读检索分离并增加审批。,4,"[""EXT-SRC-SRC-OWASP-PROMPT-INJECTION""]",trusted_ai_generated,pending_team_review
e8c8e2b7-2f89-5e11-9f3d-8a6b03e3c8fb,a3c9cfeb-0f14-5e9a-afb7-db73a42e21d7,RAG-SUB-observability_tracing,RAG-M06,可观测性与链路追踪：概念与原理,可观测性包括日志、指标和追踪。语义系统还需要记录版本、候选证据、分数与决策状态，才能解释答案和定位质量回归。,3,"[""EXT-SRC-SRC-OPENTELEMETRY""]",trusted_ai_generated,pending_team_review
8d53b1db-07cd-566d-8d76-91f4a39d9a50,ce87e42e-ddfe-54ba-9703-a6a72e013d2f,RAG-SUB-observability_tracing,RAG-M06,可观测性与链路追踪：工程实施,为请求生成trace_id或correlation_id，每个组件创建span；记录模型、提示词、索引和知识库版本；敏感内容用哈希或受控采样。,3,"[""EXT-SRC-SRC-OPENTELEMETRY""]",trusted_ai_generated,pending_team_review
5df5fea2-47be-5446-8057-73beeeec5aae,f00df153-4cbc-5d28-b2cf-13acb1252bee,RAG-SUB-observability_tracing,RAG-M06,可观测性与链路追踪：常见错误与诊断,只记录文本日志难以串联并发调用；记录全部提示词可能泄露企业数据；没有统一时间和编号会让跨服务排查困难。,3,"[""EXT-SRC-SRC-OPENTELEMETRY""]",trusted_ai_generated,pending_team_review
1957b7ea-281d-558d-995b-ecfa67dc904a,7727d966-6dec-5d57-a8bf-fca423b3736e,RAG-SUB-observability_tracing,RAG-M06,可观测性与链路追踪：适用边界与决策,比赛原型至少应展示决策轨迹和证据链；生产系统再接入标准可观测平台与告警。,3,"[""EXT-SRC-SRC-OPENTELEMETRY""]",trusted_ai_generated,pending_team_review
23098133-812d-5676-ace6-01d9ec9fac81,ba5ebf83-e152-5a61-a6e8-37377eb8f70d,RAG-SUB-latency_cost_optimization,RAG-M08,延迟与成本优化：概念与原理,RAG延迟来自查询改写、多个检索通道、重排、生成和审核。优化应先通过追踪找到瓶颈，再在质量不下降的前提下调整候选数、并行度、模型和缓存。,4,"[""EXT-SRC-SRC-FAISS""]",trusted_ai_generated,pending_team_review
64e58539-1dcd-5484-862d-2c28c538b22f,60a19eb4-9eee-5ab1-bfbc-442bd1f5531f,RAG-SUB-latency_cost_optimization,RAG-M08,延迟与成本优化：工程实施,分别测量P50/P95延迟和Token成本；并行运行独立检索；对简单查询跳过高级步骤；使用小模型做路由或结构检查，大模型处理复杂生成。,4,"[""EXT-SRC-SRC-HNSW""]",trusted_ai_generated,pending_team_review
3d054c33-7ee1-54e4-8190-1652e144fd13,8a5a3478-34e4-5baa-a30a-6aaa4e0ee516,RAG-SUB-latency_cost_optimization,RAG-M08,延迟与成本优化：常见错误与诊断,只追求速度会降低召回；无条件缓存个性化答案会串用户；减少证据Token可能损害完整性；并行过多会触发限流。,4,"[""EXT-SRC-SRC-OPENTELEMETRY""]",trusted_ai_generated,pending_team_review
441009c0-95b2-51c6-b543-f6c386452708,eb52c519-825a-578d-b735-c9b1fc508907,RAG-SUB-latency_cost_optimization,RAG-M08,延迟与成本优化：适用边界与决策,设定质量底线和预算上限，按场景分级。比赛演示优先稳定，商业系统再做容量与成本工程。,4,"[""EXT-SRC-SRC-OPENTELEMETRY""]",trusted_ai_generated,pending_team_review
3e1c7fb4-bcb9-5ccc-a9c0-d71893f90ab5,8f218073-5343-59f7-bbe8-291e8136b553,RAG-SUB-caching_idempotency,RAG-M08,缓存与幂等：概念与原理,可缓存嵌入、检索结果、静态知识摘要和已审核资源，但缓存键必须包含租户、知识库版本、权限、查询规范化结果和模型版本。幂等键用于避免重复创建会话、测评或任务。,3,"[""EXT-SRC-SRC-POSTGRES-RLS""]",trusted_ai_generated,pending_team_review
033051af-14fa-53f1-8241-eeb09022e626,8a8b0f90-3e0c-505f-8281-06ab2a754bc1,RAG-SUB-caching_idempotency,RAG-M08,缓存与幂等：工程实施,定义cache_key与过期策略；知识版本激活时失效相关缓存；写接口要求idempotency_key并保存首次响应；记录缓存命中率。,3,"[""EXT-SRC-SRC-OPENTELEMETRY""]",trusted_ai_generated,pending_team_review
b5dd9ff4-e78d-5cc3-8ac2-3363b2867405,c610fd55-b8c8-57cb-afba-f7add67b2765,RAG-SUB-caching_idempotency,RAG-M08,缓存与幂等：常见错误与诊断,遗漏organization_id会串租户；知识更新后旧缓存继续返回过时内容；对随机生成内容错误复用会破坏个性化。,3,"[""EXT-SRC-SRC-OPENTELEMETRY""]",trusted_ai_generated,pending_team_review
c1552be7-d497-597c-9ba8-58444c917aba,d1b73a8c-d088-5cae-8177-3b6514b55128,RAG-SUB-caching_idempotency,RAG-M08,缓存与幂等：适用边界与决策,高风险回答可以只缓存检索候选，不缓存最终生成；涉及用户画像的结果必须包含profile_version。,3,"[""EXT-SRC-SRC-OPENTELEMETRY""]",trusted_ai_generated,pending_team_review
1de5670d-3040-5e57-880d-f48f1ef8281c,c2ed1009-3551-5629-9c3a-8e6280594ad8,RAG-SUB-deployment_fallback,RAG-M08,部署与降级：概念与原理,生产RAG应定义依赖健康检查、超时、重试、熔断和降级。降级目标不是伪装正常，而是保持数据安全并向用户说明当前能力限制。,4,"[""EXT-SRC-SRC-NIST-GAI""]",trusted_ai_generated,pending_team_review
d85ed53d-ddbf-5370-a1c9-f18f1dcb0618,569c15e7-5307-5056-9948-d4f7a9bd0ce5,RAG-SUB-deployment_fallback,RAG-M08,部署与降级：工程实施,向量服务失败可切换关键词检索；审核失败可展示已审核静态资源或转人工；模型不可用时停止生成而不是返回无证据答案；保留运行手册。,4,"[""EXT-SRC-SRC-OPENTELEMETRY""]",trusted_ai_generated,pending_team_review
bc8e45ad-4260-5599-a699-cc9bfda943bd,7ad3eee5-8b6c-599f-a92f-543d1abf6735,RAG-SUB-deployment_fallback,RAG-M08,部署与降级：常见错误与诊断,无上限重试会雪崩；自动切换到未验证模型会改变质量；降级路径不测试等于不存在。,4,"[""EXT-SRC-SRC-OPENTELEMETRY""]",trusted_ai_generated,pending_team_review
bf0ac7d0-39e9-5da6-8e48-5d3aac3fc0dd,f5803988-7f69-5fc7-b9c9-c3c5bdc91d11,RAG-SUB-deployment_fallback,RAG-M08,部署与降级：适用边界与决策,关键企业规则不应在降级时绕过审核或权限。比赛演示准备离线Mock降级仅用于保证流程展示，并必须标明。,4,"[""EXT-SRC-SRC-OPENTELEMETRY""]",trusted_ai_generated,pending_team_review
c5002526-4e9c-54bb-b2f8-f58cfa3dff23,124686f1-ec2d-5db8-9c43-9de0dea634f1,RAG-SUB-continuous_updates_regression,RAG-M06,持续更新与回归：概念与原理,RAG是持续变化系统。知识源、切分、嵌入、索引、提示词和模型任一变化都可能影响结果，因此每次变更都需要版本记录和自动回归。,4,"[""EXT-SRC-SRC-BEIR""]",trusted_ai_generated,pending_team_review
5ab74ec6-e347-50c2-ad85-d520e8df8193,e8253c2b-0e9f-5f8a-815b-1139a7e9d199,RAG-SUB-continuous_updates_regression,RAG-M06,持续更新与回归：工程实施,建立变更清单与影响范围；锁定黄金集；比较新旧版本的检索、生成、延迟和成本；核心指标下降或关键案例失败则阻止发布。,4,"[""EXT-SRC-SRC-EVAL-SURVEY""]",trusted_ai_generated,pending_team_review
9ce7cf0c-bb94-58a3-b8b4-b02b933c8eff,c666dd13-0713-5bc6-9b75-bd1e8815731d,RAG-SUB-continuous_updates_regression,RAG-M06,持续更新与回归：常见错误与诊断,只测试新增内容会漏掉旧功能回归；线上直接覆盖无法回滚；评测集长期不更新会与真实问题脱节。,4,"[""EXT-SRC-SRC-NIST-GAI""]",trusted_ai_generated,pending_team_review
7ff71580-fc26-583c-bbcc-a167c0655d83,dc728d11-ca3e-53bd-bf3b-8878f9695342,RAG-SUB-continuous_updates_regression,RAG-M06,持续更新与回归：适用边界与决策,评测集也要版本化，并防止开发者针对测试答案过拟合。商业客户可拥有独立回归集和发布审批。,4,"[""EXT-SRC-SRC-NIST-GAI""]",trusted_ai_generated,pending_team_review
